,xi,rho_0,log10(zeta),gamma,num_stiff,material,eig_FEA,eig_CF,FEA/CF
0,0.999957,7.576108,-4.641548,0.105171,1,metal,4.376632,1.414583,19.337550
1,0.999957,6.137821,-4.641548,0.105164,1,metal,4.374378,1.411590,19.351855
2,0.999957,4.972623,-4.641548,0.105170,1,metal,4.392464,1.412538,19.686351
3,0.999957,4.028615,-4.641548,0.105163,1,metal,4.415822,1.411911,20.164237
4,0.999957,3.263812,-4.641548,0.105169,1,metal,4.451924,1.415186,20.837162
5,0.999957,2.644207,-4.641548,0.105169,1,metal,4.657951,1.434936,25.103695
6,0.999957,2.141807,-4.641548,0.105169,1,metal,4.648170,1.413525,25.397361
7,0.999957,1.735531,-4.641548,0.105169,1,metal,4.989802,1.439974,34.807323
8,0.999957,1.406051,-4.641548,0.105163,1,metal,5.288711,1.512026,43.671054
9,0.999957,1.139126,-4.641548,0.105163,1,metal,5.290628,1.422919,47.832668
10,0.999957,0.922874,-4.641548,0.105170,1,metal,5.709076,1.422921,72.686480
11,0.999957,0.747674,-4.641548,0.105169,1,metal,6.583800,1.512028,159.456610
12,0.999957,0.605734,-4.641548,0.105170,1,metal,7.991135,1.682483,549.304008
13,0.999957,0.490769,-4.641548,0.105164,1,metal,10.041432,1.921221,3361.730953
14,0.999957,0.397575,-4.641548,0.105168,1,metal,12.908689,2.213732,44132.711406
15,0.999834,0.260951,-4.641548,0.105178,3,metal,29.191311,2.906772,260153834687.825073
16,0.999834,0.211412,-4.641548,0.105179,3,metal,40.397453,3.287338,13083322210009524.000000
17,0.999834,0.171277,-4.641548,0.105179,3,metal,56.277733,3.681407,69549556810088584314880.000000
18,0.999779,0.138762,-4.641548,0.105174,5,metal,83.177319,4.084567,22363803319702364815972633329795072.000000
19,0.999431,8.211661,-4.418922,0.525349,1,metal,4.849165,1.500389,28.467879
20,0.999431,6.652708,-4.418922,0.525377,1,metal,4.840476,1.497167,28.312648
21,0.999431,5.389761,-4.418922,0.525377,1,metal,4.853627,1.498189,28.658141
22,0.999431,4.366565,-4.418922,0.525353,1,metal,4.915764,1.497510,30.516077
23,0.999431,3.537619,-4.418922,0.525377,1,metal,4.967957,1.501043,32.037706
24,0.999431,2.866045,-4.418922,0.525377,1,metal,5.161918,1.522321,38.076478
25,0.999431,2.321949,-4.418922,0.525352,1,metal,5.325693,1.499268,45.898176
26,0.999431,1.881118,-4.418922,0.525351,1,metal,5.932362,1.527741,81.828162
27,0.999431,1.523999,-4.418922,0.525377,1,metal,6.154792,1.605068,94.606295
28,0.999431,1.234688,-4.418922,0.525353,1,metal,6.563305,1.509376,156.636682
29,0.999431,1.000292,-4.418922,0.525349,1,metal,7.533651,1.509376,413.342043
30,0.999431,0.810395,-4.418922,0.525353,1,metal,9.103711,1.605071,1805.584438
31,0.999431,0.656552,-4.418922,0.525377,1,metal,11.201929,1.786510,12276.219385
32,0.999431,0.531910,-4.418922,0.525351,1,metal,13.611861,2.037720,106312.797321
33,0.997749,0.430830,-4.418922,0.525193,3,metal,25.301548,2.341623,9362002052.129738
34,0.997749,0.349104,-4.418922,0.525197,3,metal,34.798110,2.683208,88577744771484.562500
35,0.997748,0.282842,-4.418922,0.525341,3,metal,47.323811,3.051277,16877852778933266432.000000
36,0.997337,0.229147,-4.418922,0.525327,4,metal,67.417061,3.437094,6111480310097402417811292160.000000
37,0.996971,0.185647,-4.418922,0.525270,5,metal,94.892344,3.834804,3513881573249078695491202398438012485632.000000
38,0.996639,0.150402,-4.418922,0.525344,6,metal,132.056036,4.240565,32326143535544142079387897671064106133855000957506551808.000000
39,0.995259,8.900483,-2.621363,1.105271,1,metal,4.728385,1.591156,23.039925
40,0.995259,7.210559,-2.621363,1.105279,1,metal,4.745092,1.587696,23.509287
41,0.995259,5.841897,-2.621363,1.105273,1,metal,4.797292,1.588792,24.741944
42,0.995259,4.732872,-2.621363,1.105272,1,metal,4.870362,1.588068,26.636808
43,0.995259,3.834381,-2.621363,1.105273,1,metal,4.977762,1.591855,29.544783
44,0.995259,3.106545,-2.621363,1.105280,1,metal,5.217328,1.614656,36.696168
45,0.995259,2.516957,-2.621363,1.105281,1,metal,5.339818,1.589964,42.514869
46,0.995259,2.038928,-2.621363,1.105272,1,metal,5.767946,1.620472,63.273980
47,0.995259,1.651857,-2.621363,1.105272,1,metal,6.324426,1.703056,101.633218
48,0.995259,1.338264,-2.621363,1.105272,1,metal,6.547004,1.600795,140.640716
49,0.995259,1.084206,-2.621363,1.105272,1,metal,7.170567,1.600796,262.374041
50,0.989703,0.878378,-2.621363,1.105272,1,metal,8.664805,1.701030,1057.618437
51,0.984972,0.711641,-2.621363,1.105306,2,metal,10.807159,1.892132,7442.979978
52,0.984972,0.576530,-2.621363,1.105273,2,metal,13.354697,2.155956,73038.406434
53,0.984989,0.459519,-2.621363,1.104507,2,metal,16.723389,2.497138,1507934.469233
54,0.984972,0.378402,-2.621363,1.105278,3,metal,20.245202,2.822332,36868563.864449
55,0.984972,0.306570,-2.621363,1.105272,3,metal,24.731079,3.197203,2249279313.608599
56,0.995498,9.646175,-4.236346,1.905677,1,metal,5.888678,1.690114,66.590670
57,0.995498,7.815728,-4.236346,1.905678,1,metal,5.878121,1.686444,66.133619
58,0.995498,6.331981,-4.236346,1.905678,1,metal,5.901262,1.687611,67.602921
59,0.995498,5.129908,-4.236346,1.905678,1,metal,6.008234,1.686841,75.293475
60,0.995498,4.156036,-4.236346,1.905678,1,metal,6.095346,1.690870,81.816255
61,0.995498,3.367058,-4.236346,1.905678,1,metal,6.338449,1.715123,101.832145
62,0.995498,2.727843,-4.236346,1.905678,1,metal,6.662016,1.688847,144.484076
63,0.995498,2.210274,-4.236346,1.905680,1,metal,7.605960,1.721237,359.503223
64,0.995498,1.790286,-4.236346,1.905678,1,metal,7.808106,1.808730,403.177072
65,0.990167,1.450529,-4.236346,1.905678,1,metal,8.822039,1.698432,1240.917902
66,0.990167,1.175159,-4.236346,1.905678,1,metal,10.819645,1.698433,9147.283805
67,0.990167,0.952065,-4.236346,1.905681,1,metal,14.161651,1.807043,232026.858843
68,0.985585,0.771335,-4.236346,1.905700,2,metal,19.655600,2.008215,46148962.056569
69,0.981609,0.624919,-4.236346,1.905711,3,metal,27.924794,2.281801,136965295914.242767
70,0.981609,0.506278,-4.236346,1.905686,4,metal,39.668536,2.606815,12465254140163260.000000
71,0.978080,0.410140,-4.236346,1.905684,4,metal,57.301657,2.965170,396311326002619481063424.000000
72,0.978081,0.332287,-4.236346,1.905679,4,metal,80.318233,3.345777,2683569291976967382222641039409152.000000
73,0.978077,0.269185,-4.236346,1.905871,5,metal,108.238831,3.740791,2415027316106298489654149696965371120586850304.000000
74,0.971955,0.218099,-4.236346,1.905680,6,metal,159.575014,4.144362,31818105311440259633570262891098876856610347291106415423361233453056.000000
75,0.966675,0.176695,-4.236346,1.905681,9,metal,226.123289,4.554223,1683537475381188923751122761676386415054942078233219722460122085518112299546125069225399857184768.000000
76,0.984387,10.457153,-3.283989,3.010409,1,metal,5.994660,1.791341,66.908039
77,0.984387,8.471240,-3.283989,3.010403,1,metal,6.037299,1.787419,70.096984
78,0.984387,6.862955,-3.283989,3.010455,1,metal,6.120588,1.788665,76.090441
79,0.024870,5.560241,-3.283989,3.010470,1,metal,5.379915,1.400575,53.481730
80,0.984387,4.504680,-3.283989,3.010392,1,metal,6.379909,1.792118,98.277089
81,0.984387,3.649512,-3.283989,3.010405,1,metal,6.714112,1.817850,133.788703
82,0.069271,2.956676,-3.283989,3.010386,2,metal,5.865508,1.425283,84.793991
83,0.931706,2.395421,-3.283989,3.010491,3,metal,7.948261,1.807246,464.524703
84,0.931707,1.940536,-3.283989,3.010451,3,metal,8.270485,1.901226,583.625235
85,0.931695,1.572141,-3.283989,3.010757,3,metal,9.215798,1.784691,1687.675567
86,0.947604,1.273720,-3.283989,3.010599,3,metal,11.323237,1.790032,13810.784094
87,0.931695,1.031928,-3.283989,3.010771,4,metal,14.755561,1.901314,382409.240320
88,0.889326,0.836028,-3.283989,3.009606,6,metal,20.052418,2.105873,62242275.207578
89,0.964298,11.334890,-2.979504,4.535125,1,metal,6.557954,1.896365,105.804077
90,0.964299,9.181609,-2.979504,4.535098,1,metal,6.607830,1.892209,111.678159
91,0.964299,7.438913,-2.979504,4.535108,1,metal,6.705515,1.893520,122.976691
92,0.964299,6.026673,-2.979504,4.535107,1,metal,6.835018,1.892655,140.100906
93,0.915843,4.882573,-2.979504,4.535109,1,metal,6.939604,1.882538,157.128794
94,0.964299,3.955655,-2.979504,4.535108,1,metal,7.389239,1.924376,236.243466
95,0.964299,3.204787,-2.979504,4.535109,1,metal,7.701072,1.894912,332.340635
96,0.964298,2.596499,-2.979504,4.535118,1,metal,8.687990,1.931247,859.837367
97,0.916208,2.061803,-2.979504,4.524100,1,metal,9.298444,1.999169,1479.226767
98,0.915844,1.703975,-2.979504,4.535076,1,metal,10.278896,1.893345,4383.274086
99,0.964299,1.380561,-2.979504,4.535099,1,metal,11.834582,1.907862,20470.097930
100,0.915843,1.118499,-2.979504,4.535109,1,metal,15.799217,2.015853,968364.421969
101,0.964299,0.906161,-2.979504,4.535108,1,metal,17.222776,2.250300,3180268.106890
102,0.999862,7.576097,-2.298662,0.105192,1,metal,4.194556,1.414541,16.119261
103,0.999862,6.137840,-2.298662,0.105192,1,metal,3.984884,1.411550,13.109462
104,0.999862,4.972622,-2.298662,0.105192,1,metal,3.999318,1.412498,13.287456
105,0.999862,4.028610,-2.298662,0.105192,1,metal,4.010747,1.411872,13.448601
106,0.999862,3.263813,-2.298662,0.105192,1,metal,4.047722,1.415144,13.909580
107,0.999862,2.644207,-2.298662,0.105192,1,metal,4.116063,1.434898,14.602101
108,0.999862,2.140771,-2.298662,0.105274,1,metal,4.086368,1.413458,14.482057
109,0.999862,1.735533,-2.298662,0.105175,1,metal,4.191469,1.439930,15.666718
110,0.999862,1.406056,-2.298662,0.105192,1,metal,4.599900,1.511989,21.931213
111,0.999862,1.139128,-2.298662,0.105192,1,metal,4.297969,1.422879,17.727021
112,0.999862,0.922874,-2.298662,0.105192,1,metal,4.285798,1.422881,17.512539
113,0.999862,0.747674,-2.298662,0.105192,1,metal,4.676497,1.511995,23.676948
114,0.999862,0.605734,-2.298662,0.105192,1,metal,5.490201,1.682459,45.048613
115,0.999862,0.490745,-2.298662,0.105193,1,metal,6.831463,1.921271,135.665408
116,0.999862,0.397575,-2.298662,0.105192,1,metal,8.889505,2.213729,792.962845
117,0.999862,0.322099,-2.298662,0.105192,1,metal,11.942533,2.546013,12046.385822
118,0.999862,0.260951,-2.298662,0.105192,1,metal,16.374877,2.906782,706511.336104
119,0.999862,0.211412,-2.298662,0.105192,1,metal,22.683989,3.287351,265370547.969498
120,0.999862,0.171277,-2.298662,0.105192,1,metal,31.429805,3.681423,1124524727963.781250
121,0.999862,0.138762,-2.298662,0.105192,1,metal,43.113256,4.084586,89111932643338976.000000
122,0.999031,8.211055,-3.434078,0.525306,1,metal,4.491800,1.500194,19.917647
123,0.999031,6.652564,-3.434078,0.525306,1,metal,4.516597,1.496975,20.483545
124,0.999030,5.389771,-3.434078,0.525347,1,metal,4.564793,1.498004,21.472836
125,0.999031,4.366580,-3.434078,0.525306,1,metal,4.629241,1.497322,22.917913
126,0.999030,3.537608,-3.434078,0.525346,1,metal,4.715886,1.500859,24.903962
127,0.999030,2.866021,-3.434078,0.525347,1,metal,4.961384,1.522142,31.163330
128,0.999030,2.321947,-3.434078,0.525346,1,metal,5.045350,1.499087,34.683449
129,0.999031,1.880912,-3.434078,0.525306,1,metal,5.513678,1.527596,53.843541
130,0.999030,1.524008,-3.434078,0.525346,1,metal,5.892746,1.604908,72.808880
131,0.999030,1.234689,-3.434078,0.525346,1,metal,6.125343,1.509198,101.103544
132,0.999030,1.000292,-3.434078,0.525346,1,metal,6.833536,1.509198,205.272507
133,0.999030,0.810395,-3.434078,0.525346,1,metal,8.051647,1.604909,630.641861
134,0.999031,0.656570,-3.434078,0.525306,1,metal,9.757515,1.786319,2896.319204
135,0.999031,0.531967,-3.434078,0.525307,1,metal,11.878649,2.037451,18792.212673
136,0.996981,0.430909,-3.434078,0.525344,2,metal,18.858337,2.341270,14902907.919377
137,0.996191,0.349117,-3.434078,0.525346,3,metal,25.720230,2.683015,10114284515.004023
138,0.996191,0.282842,-3.434078,0.525348,3,metal,33.900910,3.051133,24997004812013.582031
139,0.996191,0.229147,-3.434078,0.525347,3,metal,44.380426,3.437032,604630712182249856.000000
140,0.995504,0.185645,-3.434078,0.525348,4,metal,60.552620,3.834806,4287790592881125643780096.000000
141,0.995504,0.150402,-3.434078,0.525348,5,metal,79.315727,4.240535,402477419157010212608571877621760.000000
142,0.992680,3.106450,-1.740384,1.080814,1,metal,4.549499,1.609085,18.923682
143,0.992687,2.516765,-1.740384,1.080165,1,metal,4.575597,1.585663,19.884364
144,0.992711,2.038275,-1.740384,1.077888,1,metal,4.639141,1.614355,20.589594
145,0.992680,1.651856,-1.740384,1.080799,1,metal,5.618775,1.700479,50.314654
146,0.992690,1.338260,-1.740384,1.079889,1,metal,5.364273,1.596892,43.266621
147,0.992680,1.084206,-1.740384,1.080799,1,metal,5.267351,1.595542,39.322992
148,0.983477,0.878384,-1.740384,1.105070,1,metal,5.651864,1.698702,52.099854
149,0.983477,0.711642,-1.740384,1.105071,1,metal,6.312393,1.891611,83.161268
150,0.983472,0.576530,-1.740384,1.105264,1,metal,7.155850,2.155605,148.449501
151,0.983493,0.460148,-1.740384,1.104409,1,metal,8.514505,2.494654,411.517279
152,0.983472,0.378407,-1.740384,1.105270,1,metal,10.148035,2.822127,1519.153387
153,0.992711,0.306562,-1.740384,1.077899,1,metal,11.925970,3.185914,6248.243126
154,0.992711,0.248368,-1.740384,1.077902,1,metal,15.104009,3.576046,101515.110862
155,0.986973,9.645897,-2.330198,1.905663,1,metal,5.323965,1.686958,37.978017
156,0.986973,7.815655,-2.330198,1.905668,1,metal,5.111054,1.683280,30.807976
157,0.986973,6.331959,-2.330198,1.905668,1,metal,5.656618,1.684451,53.099466
158,0.986973,5.129907,-2.330198,1.905678,1,metal,5.253670,1.683679,35.516262
159,0.986973,4.156035,-2.330198,1.905678,1,metal,5.331816,1.687721,38.248127
160,0.986973,3.367047,-2.330198,1.905676,1,metal,5.509554,1.712051,44.589697
161,0.986973,2.727992,-2.330198,1.905634,1,metal,5.728583,1.685694,56.990768
162,0.986973,2.210024,-2.330198,1.905677,1,metal,6.146475,1.718229,83.784315
163,0.986973,1.790425,-2.330198,1.905676,1,metal,6.807866,1.805991,148.691760
164,0.971092,1.450488,-2.330198,1.905645,1,metal,7.161428,1.691417,237.462873
165,0.971092,1.175146,-2.330198,1.905647,1,metal,7.960483,1.691426,527.979103
166,0.971091,0.952064,-2.330198,1.905677,1,metal,9.202067,1.800760,1638.123503
167,0.956971,0.771323,-2.330198,1.905677,2,metal,11.260252,2.000517,10506.350535
168,0.971092,0.624918,-2.330198,1.905653,2,metal,12.634282,2.279637,31402.576315
169,0.971091,0.506265,-2.330198,1.905678,2,metal,14.624172,2.605303,165854.893287
170,0.999950,7.576093,-4.336047,0.105165,1,metal,4.269909,1.414578,17.380188
171,0.999950,6.137840,-4.336047,0.105164,1,metal,4.276664,1.411586,17.550421
172,0.999950,4.972621,-4.336047,0.105170,1,metal,4.302428,1.412535,17.991388
173,0.999950,4.028609,-4.336047,0.105164,1,metal,4.333214,1.411908,18.565513
174,0.999950,3.263809,-4.336047,0.105170,1,metal,4.380456,1.415182,19.400017
175,0.999950,2.644236,-4.336047,0.105138,1,metal,4.581322,1.434920,23.252264
176,0.999950,2.141904,-4.336047,0.105168,1,metal,4.569561,1.413525,23.477353
177,0.999950,1.735529,-4.336047,0.105165,1,metal,4.878187,1.439970,31.131410
178,0.999950,1.406056,-4.336047,0.105164,1,metal,5.214382,1.512025,40.542766
179,0.999950,1.139126,-4.336047,0.105139,1,metal,5.173577,1.422911,42.549402
180,0.999950,0.922873,-4.336047,0.105164,1,metal,5.545103,1.422916,61.694048
181,0.999950,0.747676,-4.336047,0.105137,1,metal,6.365273,1.512011,128.157822
182,0.999950,0.605739,-4.336047,0.105139,1,metal,7.709810,1.682457,414.616037
183,0.999950,0.490769,-4.336047,0.105137,1,metal,9.698882,1.921201,2386.733340
184,0.999950,0.397576,-4.336047,0.105170,1,metal,12.520676,2.213728,29939.927644
185,0.999950,0.322098,-4.336047,0.105138,1,metal,16.457505,2.545995,1100758.959649
186,0.999806,0.260951,-4.336047,0.105164,3,metal,27.294026,2.906757,39017220604.880440
187,0.999806,0.211412,-4.336047,0.105170,3,metal,37.900204,3.287329,1076913473432153.000000
188,0.999806,0.171277,-4.336047,0.105170,3,metal,53.056840,3.681401,2776390938396479979520.000000
189,0.999772,0.138762,-4.336047,0.105170,4,metal,76.573120,4.084564,30295617671297484699447760781312.000000
190,0.999064,8.211543,-3.500466,0.525341,1,metal,4.504987,1.500222,20.181478
191,0.999064,6.652735,-3.500466,0.525347,1,metal,4.529444,1.496998,20.747930
192,0.999064,5.389768,-3.500466,0.525346,1,metal,4.577413,1.498019,21.745214
193,0.999064,4.366565,-3.500466,0.525347,1,metal,4.640797,1.497345,23.183759
194,0.999064,3.537608,-3.500466,0.525346,1,metal,4.727703,1.500874,25.199610
195,0.999064,2.866150,-3.500466,0.525317,1,metal,4.970980,1.522134,31.464046
196,0.999064,2.322027,-3.500466,0.525341,1,metal,5.061161,1.499105,35.235565
197,0.999064,1.881119,-3.500466,0.525346,1,metal,5.540355,1.527580,55.300132
198,0.999064,1.524007,-3.500466,0.525347,1,metal,5.909481,1.604921,74.036608
199,0.999064,1.234688,-3.500466,0.525346,1,metal,6.158150,1.509213,104.473909
200,0.999064,1.000292,-3.500466,0.525347,1,metal,6.889730,1.509213,217.134537
201,0.999064,0.810395,-3.500466,0.525346,1,metal,8.140052,1.604922,688.923248
202,0.999064,0.656549,-3.500466,0.525346,1,metal,9.885014,1.786380,3289.970268
203,0.999064,0.531909,-3.500466,0.525346,1,metal,12.041781,2.037623,22118.240580
204,0.997085,0.430909,-3.500466,0.525346,2,metal,19.303305,2.341291,23254616.520468
205,0.996321,0.349117,-3.500466,0.525347,3,metal,26.431923,2.683034,20606836028.593887
206,0.996321,0.282842,-3.500466,0.525347,3,metal,34.923384,3.051145,69492431876790.812500
207,0.996321,0.229147,-3.500466,0.525347,3,metal,45.769473,3.437040,2425168515521457664.000000
208,0.995658,0.185646,-3.500466,0.525348,4,metal,62.587860,3.834810,32819011200050524816670720.000000
209,0.995068,0.150402,-3.500466,0.525348,5,metal,85.023058,4.240523,121173932146785312524367002224033792.000000
210,0.997499,8.899298,-3.793951,1.105249,1,metal,5.043518,1.592049,31.546713
211,0.997499,7.210560,-3.793951,1.105249,1,metal,5.066206,1.588608,32.381858
212,0.997499,5.841829,-3.793951,1.105249,1,metal,5.121376,1.589704,34.181082
213,0.997499,4.732872,-3.793951,1.105272,1,metal,5.198590,1.588983,36.951531
214,0.997499,3.834382,-3.793951,1.105267,1,metal,5.293257,1.592765,40.467189
215,0.997499,3.106545,-3.793951,1.105249,1,metal,5.543759,1.615541,50.816340
216,0.997499,2.516760,-3.793951,1.105268,1,metal,5.752920,1.590868,64.203162
217,0.997499,2.038909,-3.793951,1.105271,1,metal,6.468175,1.621361,127.334038
218,0.997499,1.651854,-3.793951,1.105271,1,metal,6.758499,1.703870,156.746384
219,0.997499,1.338239,-3.793951,1.105249,1,metal,7.346401,1.601692,312.532734
220,0.997499,1.084205,-3.793951,1.105267,1,metal,8.607177,1.601699,1102.657395
221,0.994575,0.878378,-3.793951,1.105271,1,metal,11.248744,1.702806,13987.755375
222,0.992093,0.711625,-3.793951,1.105271,2,metal,15.226750,1.894292,616897.498693
223,0.992093,0.576530,-3.793951,1.105272,2,metal,20.729181,2.157603,116287701.634352
224,0.989968,0.461819,-3.793951,1.104912,3,metal,29.628673,2.490109,611122840089.350586
225,0.989963,0.378406,-3.793951,1.105272,3,metal,39.718563,2.822903,10558000774360848.000000
226,0.988091,0.306562,-3.793951,1.105278,4,metal,55.430963,3.197509,48383902142914013167616.000000
227,0.986412,0.248370,-3.793951,1.105272,5,metal,76.109973,3.588023,31324393062077300967991584751616.000000
228,0.984883,0.201219,-3.793951,1.105272,6,metal,102.731266,3.989102,7641467640875206265063760987342329889161216.000000
229,0.989033,9.645983,-2.640983,1.905672,1,metal,5.179164,1.687722,32.833260
230,0.989033,7.815727,-2.640983,1.905677,1,metal,5.211336,1.684046,34.031604
231,0.989033,6.331959,-2.640983,1.905677,1,metal,5.272966,1.685216,36.152626
232,0.989033,5.129876,-2.640983,1.905672,1,metal,5.360312,1.684444,39.482925
233,0.989033,4.156035,-2.640983,1.905678,1,metal,5.487141,1.688483,44.641224
234,0.989033,3.367117,-2.640983,1.905672,1,metal,5.784974,1.712786,58.685211
235,0.989033,2.727993,-2.640983,1.905674,1,metal,5.941079,1.686461,70.429922
236,0.989033,2.210235,-2.640983,1.905681,1,metal,6.508716,1.718929,120.275739
237,0.989033,1.790283,-2.640983,1.905668,1,metal,7.056722,1.806607,190.588148
238,0.975770,1.450531,-2.640983,1.905678,1,metal,7.555121,1.693150,351.416102
239,0.975770,1.175147,-2.640983,1.905682,1,metal,8.690307,1.693153,1093.516234
240,0.975770,0.952064,-2.640983,1.905678,1,metal,10.473172,1.802305,5830.553195
241,0.964089,0.771382,-2.640983,1.905757,2,metal,13.337996,2.002370,83752.915464
242,0.964091,0.624893,-2.640983,1.905678,2,metal,16.595792,2.278268,1652044.364257
243,0.964090,0.506339,-2.640983,1.905713,3,metal,20.260789,2.604037,46583279.341445
244,0.964091,0.410089,-2.640983,1.905671,3,metal,24.302346,2.963944,1849908781.429892
245,0.970693,10.457066,-2.184457,3.010304,1,metal,6.110996,1.786755,75.508208
246,0.970692,8.471374,-2.184457,3.010371,1,metal,5.901348,1.782821,61.468634
247,0.970693,6.863124,-2.184457,3.010299,1,metal,5.551320,1.784060,43.261356
248,0.970692,5.560251,-2.184457,3.010388,1,metal,5.628311,1.783245,46.761747
249,0.970699,4.504684,-2.184457,3.009925,1,metal,5.771148,1.787512,53.711978
250,0.970693,3.649513,-2.184457,3.010300,1,metal,5.985723,1.813382,64.867160
251,0.932078,2.956672,-2.184457,3.010390,1,metal,6.184256,1.772347,82.426630
252,0.932079,2.395422,-2.184457,3.010356,1,metal,6.674226,1.807353,129.914050
253,0.932080,1.940537,-2.184457,3.010333,1,metal,7.349796,1.901333,232.400785
254,0.932079,1.572201,-2.184457,3.010345,1,metal,7.791135,1.784802,405.991615
255,0.932086,1.273719,-2.184457,3.010171,1,metal,8.663275,1.784793,971.151105
256,0.970699,1.031929,-2.184457,3.009925,1,metal,9.233684,1.912781,1511.568138
257,0.970693,0.836029,-2.184457,3.010300,1,metal,10.108693,2.125607,2930.963253
258,0.970699,0.677333,-2.184457,3.009929,1,metal,10.930103,2.410595,5011.588719
259,0.970692,0.548734,-2.184457,3.010368,1,metal,11.768807,2.744778,8300.149498
260,0.979176,11.334968,-3.897802,4.534878,1,metal,7.077153,1.900809,177.034429
261,0.979175,9.181659,-3.897802,4.535056,1,metal,7.113202,1.896681,184.291909
262,0.979175,7.438913,-3.897802,4.535107,1,metal,7.179783,1.897989,196.722497
263,0.979175,6.026693,-3.897802,4.535106,1,metal,7.329884,1.897128,228.778998
264,0.952801,4.882572,-3.897802,4.535103,1,metal,7.496278,1.893725,271.117640
265,0.952801,3.955656,-3.897802,4.535103,1,metal,7.852774,1.921013,376.817373
266,0.952801,3.204705,-3.897802,4.535107,1,metal,8.334416,1.891445,628.270487
267,0.952801,2.596323,-3.897802,4.535103,1,metal,9.666589,1.927938,2295.374405
268,0.952817,2.096525,-3.897802,4.534177,1,metal,9.970226,2.022888,2828.036345
269,0.952803,1.703990,-3.897802,4.534949,1,metal,11.315832,1.904409,12227.257319
270,0.952813,1.380422,-3.897802,4.534376,1,metal,14.091283,1.904421,196194.634569
271,0.928299,1.118500,-3.897802,4.535108,2,metal,18.977271,2.019166,23163891.221720
272,0.928299,0.906161,-3.897802,4.535104,2,metal,26.231264,2.242684,26188331136.842617
273,0.905297,0.734134,-3.897802,4.535105,3,metal,37.559345,2.535256,1624683208538362.250000
274,0.905299,0.594790,-3.897802,4.535040,3,metal,52.805162,2.879762,4812001978297259917312.000000
275,0.883152,0.481868,-3.897802,4.535118,4,metal,75.888285,3.251790,35126018775556882725409348648960.000000
276,0.837187,9.952409,-3.086482,6.639523,1,metal,7.347743,1.974410,215.580200
277,0.837190,8.062762,-3.086482,6.639462,1,metal,7.476117,1.975829,244.762530
278,0.837189,6.532222,-3.086482,6.639494,1,metal,7.641337,1.974892,289.005388
279,0.937187,5.292158,-3.086482,6.639505,1,metal,7.958798,2.007032,384.431494
280,0.659807,4.287490,-3.086482,6.639498,2,metal,8.034585,1.960429,434.482481
281,0.659804,3.473544,-3.086482,6.639508,2,metal,8.537496,1.926969,742.874167
282,0.659803,2.814119,-3.086482,6.639511,3,metal,10.061905,1.968247,3273.639897
283,0.999904,7.576108,-3.054740,0.105171,1,metal,4.102186,1.414557,14.696786
284,0.999904,6.137840,-3.054740,0.105169,1,metal,4.106608,1.411565,14.806158
285,0.999904,4.972622,-3.054740,0.105169,1,metal,4.130160,1.412512,15.144654
286,0.999904,4.028610,-3.054740,0.105169,1,metal,4.156452,1.411887,15.557848
287,0.999904,3.263825,-3.054740,0.105162,1,metal,4.206502,1.415159,16.302904
288,0.999904,2.644207,-3.054740,0.105169,1,metal,4.326670,1.434910,18.024997
289,0.999904,2.141907,-3.054740,0.105171,1,metal,4.311050,1.413503,18.129613
290,0.999904,1.735534,-3.054740,0.105171,1,metal,4.489894,1.439949,21.114191
291,0.999904,1.406050,-3.054740,0.105162,1,metal,4.894801,1.512002,29.453104
292,0.999904,1.139126,-3.054740,0.105162,1,metal,4.648299,1.422893,25.163785
293,0.999904,0.922874,-3.054740,0.105169,1,metal,4.791603,1.422895,29.040987
294,0.999904,0.747676,-3.054740,0.105162,1,metal,5.334526,1.511999,45.719574
295,0.999904,0.605734,-3.054740,0.105169,1,metal,6.341487,1.682463,105.533063
296,0.999904,0.490745,-3.054740,0.105168,1,metal,7.941726,1.921269,411.766595
297,0.999904,0.397576,-3.054740,0.105170,1,metal,10.353021,2.213717,3426.531258
298,0.999904,0.322099,-3.054740,0.105171,1,metal,13.912427,2.546002,86372.534426
299,0.999797,0.260951,-3.054740,0.105170,1,metal,19.811949,2.906761,21969992.740018
300,0.999904,0.211412,-3.054740,0.105162,1,metal,26.835252,3.287329,16855164813.537975
301,0.999639,0.171277,-3.054740,0.105180,3,metal,40.349975,3.681397,8413195770560458.000000
302,0.999710,0.138762,-3.054740,0.105172,3,metal,57.241702,4.084564,121857392400138911088640.000000
303,0.997784,2.866045,-1.846733,0.525337,1,metal,4.201298,1.521592,14.580799
304,0.997784,2.322027,-1.846733,0.525337,1,metal,4.210673,1.498532,15.061480
305,0.997785,1.880910,-1.846733,0.525296,1,metal,4.368045,1.527052,17.132764
306,0.997785,1.523957,-1.846733,0.525296,1,metal,4.742670,1.604381,23.064376
307,0.997784,1.234688,-1.846733,0.525345,1,metal,4.670489,1.508646,23.614065
308,0.997784,1.000292,-1.846733,0.525345,1,metal,4.555274,1.508646,21.044253
309,0.997784,0.810397,-1.846733,0.525337,1,metal,8.476439,1.604403,964.910876
310,0.997784,0.656552,-1.846733,0.525337,1,metal,5.658994,1.785942,48.088918
311,0.997785,0.531967,-1.846733,0.525298,1,metal,6.674119,2.037122,103.233822
312,0.995268,0.430928,-1.846733,0.525347,1,metal,8.516509,2.340875,480.887631
313,0.997784,0.349120,-1.846733,0.525347,1,metal,10.339109,2.683219,2113.055098
314,0.997784,0.282842,-1.846733,0.525347,1,metal,13.339162,3.051283,29374.404836
315,0.997785,0.229146,-1.846733,0.525297,1,metal,17.362869,3.437110,1116555.685647
316,0.993296,8.900485,-1.973738,1.105267,1,metal,4.429038,1.590356,17.093225
317,0.993296,7.210823,-1.973738,1.105268,1,metal,4.464582,1.586892,17.773169
318,0.993297,5.841827,-1.973738,1.105181,1,metal,4.387629,1.587977,16.438917
319,0.993296,4.732872,-1.973738,1.105268,1,metal,4.339784,1.587265,15.682087
320,0.993297,3.834381,-1.973738,1.105253,1,metal,4.648138,1.591053,21.265479
321,0.993296,3.106449,-1.973738,1.105268,1,metal,4.694555,1.613883,21.773029
322,0.993297,2.516952,-1.973738,1.105183,1,metal,4.763860,1.589151,23.919865
323,0.993296,2.038908,-1.973738,1.105267,1,metal,5.438744,1.619698,45.560718
324,0.993296,1.651854,-1.973738,1.105270,1,metal,5.501671,1.702339,44.671342
325,0.993296,1.338265,-1.973738,1.105271,1,metal,5.688297,1.600003,59.638042
326,0.993297,1.084205,-1.973738,1.105253,1,metal,5.772936,1.600001,64.905689
327,0.993296,0.878378,-1.973738,1.105271,1,metal,6.151243,1.702340,85.533023
328,0.985408,0.711625,-1.973738,1.105271,1,metal,7.288341,1.892280,220.536113
329,0.985409,0.576535,-1.973738,1.105262,1,metal,8.413310,2.156039,521.792914
330,0.985425,0.459947,-1.973738,1.104486,1,metal,10.057269,2.495705,1922.850716
331,0.985410,0.378380,-1.973738,1.105216,1,metal,11.984777,2.822461,9531.105207
332,0.985409,0.306569,-1.973738,1.105270,1,metal,14.787466,3.197240,108036.701450
333,0.993297,0.248368,-1.973738,1.105181,1,metal,17.572855,3.588378,1184080.072123
334,0.993546,9.646083,-3.593321,1.905643,1,metal,5.503279,1.689389,45.326436
335,0.993546,7.815725,-3.593321,1.905672,1,metal,5.535953,1.685720,47.004022
336,0.993547,6.331849,-3.593321,1.905497,1,metal,5.604587,1.686869,50.285542
337,0.993547,5.129877,-3.593321,1.905497,1,metal,5.699761,1.686098,55.349255
338,0.993546,4.156040,-3.593321,1.905640,1,metal,5.818746,1.690147,62.090900
339,0.993547,3.367118,-3.593321,1.905498,1,metal,6.105644,1.714388,80.741751
340,0.993546,2.727844,-3.593321,1.905672,1,metal,6.370087,1.688125,107.981759
341,0.993546,2.210280,-3.593321,1.905647,1,metal,7.221583,1.720532,244.949117
342,0.993546,1.790427,-3.593321,1.905680,1,metal,7.534725,1.808150,306.916406
343,0.985860,1.450531,-3.593321,1.905677,1,metal,8.360406,1.696855,783.327438
344,0.985861,1.175159,-3.593321,1.905674,1,metal,10.126308,1.696855,4579.994042
345,0.985861,0.952065,-3.593321,1.905661,1,metal,13.058314,1.805624,77086.986586
346,0.979213,0.771323,-3.593321,1.905675,2,metal,17.806704,2.006515,7276708.061033
347,0.973412,0.624918,-3.593321,1.905638,3,metal,24.805784,2.280107,6064250863.733960
348,0.973411,0.506278,-3.593321,1.905672,3,metal,34.269766,2.605603,56437971544832.414062
349,0.973411,0.410140,-3.593321,1.905666,3,metal,46.477483,2.964684,7895296451808553984.000000
350,0.973412,0.332275,-3.593321,1.905629,4,metal,60.671683,3.345501,7878515373919250723897344.000000
351,0.968196,6.862946,-2.043421,3.010841,1,metal,5.435055,1.783272,38.543345
352,0.968196,5.560183,-2.043421,3.010843,1,metal,5.563647,1.782446,43.868679
353,0.968204,4.504679,-2.043421,3.010409,1,metal,5.647204,1.786712,47.488706
354,0.968196,3.649553,-2.043421,3.010850,1,metal,5.803790,1.812623,54.118001
355,0.883090,2.956672,-2.043421,3.010386,3,metal,5.932618,1.755558,65.173991
356,0.977070,9.182056,-3.732630,4.535205,1,metal,7.000750,1.896058,164.793245
357,0.920225,4.882569,-3.732630,4.535047,2,metal,7.338307,1.883867,233.793815
358,0.920225,3.955660,-3.732630,4.535049,2,metal,7.705240,1.911420,328.264457
359,0.920232,3.204778,-3.732630,4.534814,2,metal,8.166476,1.881556,536.421461
360,0.920223,2.596324,-3.732630,4.535108,2,metal,9.521045,1.918416,2003.455953
361,0.920501,2.066940,-3.732630,4.526118,2,metal,9.854195,2.002390,2570.370018
362,0.920234,1.703978,-3.732630,4.534759,2,metal,11.121161,1.894650,10163.022973
363,0.920223,1.380593,-3.732630,4.535091,2,metal,13.911645,1.894686,165538.408714
364,0.920223,1.118500,-3.732630,4.535096,2,metal,18.556205,2.017018,15236234.803601
365,0.920232,0.906164,-3.732630,4.534805,2,metal,25.541491,2.240927,13161531089.636024
366,0.893999,0.734146,-3.732630,4.534877,3,metal,36.373986,2.533406,497482003653015.437500
367,0.893989,0.594764,-3.732630,4.535109,3,metal,50.816435,2.878576,659398304524405047296.000000
368,0.920224,0.481872,-3.732630,4.535069,3,metal,63.277615,3.254631,116855920594061609689677824.000000
369,0.878755,13.315059,-3.073889,9.543978,1,metal,8.358817,2.115033,514.803051
370,0.878753,10.788417,-3.073889,9.544066,1,metal,8.432517,2.110443,556.726721
371,0.878755,8.739273,-3.073889,9.543967,1,metal,8.579149,2.111896,643.713311
372,0.878755,7.080188,-3.073889,9.543953,1,metal,8.764484,2.110935,775.531997
373,0.878757,5.736018,-3.073889,9.543867,1,metal,8.992589,2.115949,969.363973
374,0.878755,4.647164,-3.073889,9.543981,1,metal,9.503635,2.146071,1568.012718
375,0.878755,3.764938,-3.073889,9.543982,1,metal,9.975122,2.113435,2595.895556
376,0.878755,3.050196,-3.073889,9.543984,1,metal,11.362445,2.153700,9984.061559
377,0.878754,2.471314,-3.073889,9.544005,1,metal,11.871976,2.260860,14929.821181
378,0.878828,1.998243,-3.073889,9.540984,1,metal,13.028522,2.127102,54253.367172
379,0.878759,1.621839,-3.073889,9.543792,1,metal,14.906320,2.127800,354519.962442
380,0.878758,1.313999,-3.073889,9.543856,1,metal,16.711869,2.260809,1888058.846383
381,0.878755,1.064571,-3.073889,9.543965,1,metal,25.903738,2.500985,14577609018.259596
382,0.999892,7.576108,-2.809832,0.105170,1,metal,4.078288,1.414551,14.349813
383,0.999892,6.137844,-2.809832,0.105170,1,metal,4.079639,1.411559,14.412271
384,0.999892,4.972623,-2.809832,0.105170,1,metal,4.098941,1.412507,14.679243
385,0.999892,4.028616,-2.809832,0.105143,1,metal,4.120188,1.411875,15.003948
386,0.999892,3.263825,-2.809832,0.105143,1,metal,4.166703,1.415149,15.666959
387,0.999892,2.644201,-2.809832,0.105170,1,metal,4.270389,1.434906,17.038633
388,0.999892,2.141819,-2.809832,0.105165,1,metal,4.248918,1.413492,17.037651
389,0.999892,1.735530,-2.809832,0.105166,1,metal,4.402882,1.439942,19.354791
390,0.999892,1.406050,-2.809832,0.105143,1,metal,4.811579,1.511994,27.101384
391,0.999892,1.139127,-2.809832,0.105143,1,metal,4.527708,1.422884,22.305294
392,0.999892,0.922874,-2.809832,0.105143,1,metal,4.628937,1.422881,24.681542
393,0.999892,0.747674,-2.809832,0.105165,1,metal,5.120523,1.511998,36.911586
394,0.999892,0.605739,-2.809832,0.105141,1,metal,6.062153,1.682436,79.815434
395,0.999892,0.490774,-2.809832,0.105141,1,metal,7.580105,1.921175,286.841592
396,0.999892,0.397575,-2.809832,0.105165,1,metal,9.889011,2.213717,2154.458077
397,0.999892,0.322097,-2.809832,0.105143,1,metal,13.318175,2.545990,47676.091446
398,0.999772,0.260951,-2.809832,0.105168,1,metal,18.810418,2.906754,8070001.440584
399,0.999772,0.211412,-2.809832,0.105156,1,metal,26.413551,3.287314,11055975279.720526
400,0.999892,0.171277,-2.809832,0.105170,1,metal,36.578258,3.681407,193606941764526.625000
401,0.999338,8.211056,-4.139342,0.525383,1,metal,4.694910,1.500343,24.399599
402,0.999338,6.652735,-4.139342,0.525348,1,metal,4.706644,1.497120,24.767291
403,0.999338,5.389771,-4.139342,0.525348,1,metal,4.746166,1.498142,25.739433
404,0.999338,4.366565,-4.139342,0.525348,1,metal,4.799124,1.497467,27.157592
405,0.999338,3.537608,-4.139342,0.525349,1,metal,4.867814,1.500997,28.986127
406,0.999338,2.866151,-4.139342,0.525383,1,metal,5.083840,1.522270,35.218462
407,0.999338,2.321948,-4.139342,0.525348,1,metal,5.225116,1.499225,41.508201
408,0.999338,1.881119,-4.139342,0.525349,1,metal,5.794161,1.527699,71.269033
409,0.999338,1.524009,-4.139342,0.525348,1,metal,6.067769,1.605032,86.724530
410,0.999338,1.234688,-4.139342,0.525348,1,metal,6.434566,1.509334,137.721320
411,0.999338,1.000292,-4.139342,0.525349,1,metal,7.344497,1.509334,342.120419
412,0.999338,0.810395,-4.139342,0.525348,1,metal,8.836546,1.605033,1382.312882
413,0.999338,0.656548,-4.139342,0.525348,1,metal,10.858890,1.786474,8711.646972
414,0.999338,0.531909,-4.139342,0.525349,1,metal,13.234618,2.037696,72905.725011
415,0.997382,0.430910,-4.139342,0.525386,3,metal,23.861184,2.341367,2217878923.689731
416,0.997382,0.349117,-4.139342,0.525384,3,metal,32.582263,2.683200,9660466860722.089844
417,0.997382,0.282841,-4.139342,0.525384,3,metal,44.019787,3.051273,620011132487138816.000000
418,0.996905,0.229147,-4.139342,0.525420,4,metal,61.969565,3.437123,26321854155333368174084096.000000
419,0.996778,0.185647,-4.139342,0.496461,5,metal,83.906290,3.816571,60607052711248697974906236547629056.000000
420,0.996100,0.150403,-4.139342,0.525128,6,metal,118.769241,4.240403,54858294124906498508310273754204723005827925934080.000000
421,0.996730,8.899356,-3.289540,1.099102,1,metal,4.882030,1.590962,26.871550
422,0.996730,7.210559,-3.289540,1.099085,1,metal,4.912007,1.587421,27.787489
423,0.996704,5.841911,-3.289540,1.104672,1,metal,4.975673,1.589292,29.558787
424,0.996730,4.732865,-3.289540,1.099069,1,metal,5.051070,1.587764,31.922347
425,0.996728,3.834416,-3.289540,1.099628,1,metal,5.158360,1.591750,35.396381
426,0.996705,3.106451,-3.289540,1.104624,1,metal,5.428503,1.615120,45.303453
427,0.996703,2.516723,-3.289540,1.104943,1,metal,5.594724,1.590500,54.829276
428,0.996716,2.038801,-3.289540,1.102086,1,metal,6.212754,1.620466,98.720016
429,0.996705,1.651854,-3.289540,1.104628,1,metal,6.598998,1.703537,133.681572
430,0.996705,1.338264,-3.289540,1.104629,1,metal,7.072874,1.601306,237.832789
431,0.996702,1.084206,-3.289540,1.105179,1,metal,8.134574,1.601362,687.603396
432,0.992844,0.878379,-3.289540,1.105239,1,metal,10.383284,1.702167,5890.623063
433,0.989566,0.711625,-3.289540,1.105270,2,metal,13.714373,1.893532,136058.639573
434,0.989567,0.576565,-3.289540,1.105184,2,metal,18.100063,2.156903,8395106.218435
435,0.986762,0.460924,-3.289540,1.104694,3,metal,25.040163,2.492601,6198428919.471308
436,0.986751,0.378406,-3.289540,1.105269,3,metal,32.248585,2.822519,6019741982744.342773
437,0.986751,0.306569,-3.289540,1.105270,3,metal,41.261752,3.197350,33975027547552472.000000
438,0.986751,0.248370,-3.289540,1.105271,4,metal,51.538378,3.588040,667677920795569029120.000000
439,0.984275,0.201219,-3.289540,1.105270,5,metal,68.110839,3.989079,7042494942716324625843748864.000000
440,0.984275,0.163019,-3.289540,1.105270,5,metal,83.978924,4.397093,36471211987487269917080709607981056.000000
441,0.998273,8.211639,-2.336591,0.525348,1,metal,4.278573,1.499871,16.098108
442,0.998273,6.652741,-2.336591,0.525348,1,metal,4.300845,1.496644,16.513882
443,0.998273,5.389769,-2.336591,0.525348,1,metal,4.329231,1.497666,16.972001
444,0.998273,4.366565,-2.336591,0.525348,1,metal,4.373381,1.496991,17.750075
445,0.998273,3.537607,-2.336591,0.525348,1,metal,4.462473,1.500522,19.335659
446,0.998273,2.866150,-2.336591,0.525355,1,metal,4.585289,1.521798,21.402135
447,0.998273,2.322027,-2.336591,0.525349,1,metal,4.660977,1.498753,23.623075
448,0.998273,1.881119,-2.336591,0.525348,1,metal,4.829337,1.527237,27.169644
449,0.998273,1.523957,-2.336591,0.525355,1,metal,5.424549,1.604582,45.602697
450,0.998273,1.234688,-2.336591,0.525348,1,metal,-1.284408,1.508863,0.061221
451,0.998273,1.000292,-2.336591,0.525349,1,metal,5.491700,1.508863,53.669052
452,0.998273,0.810395,-2.336591,0.525348,1,metal,6.050023,1.604605,85.235529
453,0.998273,0.656548,-2.336591,0.525348,1,metal,6.981004,1.786116,180.347959
454,0.998273,0.531919,-2.336591,0.525349,1,metal,8.324382,2.037394,537.531672
455,0.996304,0.430909,-2.336591,0.525351,1,metal,10.994731,2.341143,5730.668838
456,0.996304,0.349120,-2.336591,0.525349,1,metal,13.924553,2.683020,76231.745578
457,0.998273,0.282842,-2.336591,0.525348,1,metal,16.665108,3.051330,817313.657203
458,0.993056,7.210557,-1.906890,1.105133,1,metal,4.411826,1.586775,16.861811
459,0.993056,5.841827,-1.906890,1.105133,1,metal,4.326731,1.587872,15.469327
460,0.993055,4.732869,-1.906890,1.105244,1,metal,5.370163,1.587163,43.947703
461,0.993056,3.834417,-1.906890,1.105134,1,metal,4.141608,1.590941,12.815645
462,0.993055,3.106466,-1.906890,1.105244,1,metal,4.550256,1.613780,18.849295
463,0.993056,2.516952,-1.906890,1.105136,1,metal,5.180176,1.589046,36.275036
464,0.993055,2.038799,-1.906890,1.105243,1,metal,5.603392,1.619619,53.719351
465,0.993055,1.651856,-1.906890,1.105265,1,metal,5.382965,1.702251,39.674705
466,0.993056,1.338239,-1.906890,1.105133,1,metal,5.579311,1.599886,53.486280
467,0.993055,1.084206,-1.906890,1.105266,1,metal,5.620328,1.599905,55.724671
468,0.984877,0.878378,-1.906890,1.105271,1,metal,6.254688,1.699267,95.146829
469,0.984877,0.711625,-1.906890,1.105269,1,metal,6.986027,1.892118,163.025871
470,0.984879,0.576564,-1.906890,1.105205,1,metal,8.034353,2.155826,357.282401
471,0.984893,0.460614,-1.906890,1.104578,1,metal,9.581031,2.493328,1197.154767
472,0.984879,0.378380,-1.906890,1.105198,1,metal,11.434920,2.822390,5500.143942
473,0.984878,0.306568,-1.906890,1.105258,1,metal,14.120451,3.197199,55450.815670
474,0.993056,0.248368,-1.906890,1.105133,1,metal,16.899678,3.588344,604002.797941
475,0.993056,0.201220,-1.906890,1.105133,1,metal,21.818135,3.989335,55328585.827748
476,0.995856,9.646140,-4.383532,1.905679,1,metal,6.033382,1.690245,76.948529
477,0.995856,7.815304,-4.383532,1.905692,1,metal,5.996178,1.686578,74.410732
478,0.995856,6.331981,-4.383532,1.905679,1,metal,6.003956,1.687743,74.904424
479,0.995856,5.129902,-4.383532,1.905681,1,metal,6.104959,1.686973,82.929079
480,0.995856,4.156036,-4.383532,1.905679,1,metal,6.191009,1.691002,90.017790
481,0.995856,3.367118,-4.383532,1.905692,1,metal,6.415478,1.715247,109.972577
482,0.995856,2.727838,-4.383532,1.905678,1,metal,6.754851,1.688979,158.518676
483,0.995856,2.209988,-4.383532,1.905678,1,metal,7.679184,1.721418,386.745235
484,0.995856,1.790286,-4.383532,1.905691,1,metal,7.887731,1.808848,436.541324
485,0.990952,1.450490,-4.383532,1.905706,1,metal,8.953425,1.698715,1414.753154
486,0.990952,1.175147,-4.383532,1.905706,1,metal,11.000588,1.698726,10958.404819
487,0.990952,0.952067,-4.383532,1.905706,1,metal,14.420715,1.807303,300562.739933
488,0.986741,0.771335,-4.383532,1.905721,2,metal,20.068662,2.008530,69729352.279658
489,0.986741,0.624919,-4.383532,1.905722,3,metal,28.114029,2.282850,165325000011.692383
490,0.983092,0.506279,-4.383532,1.905692,4,metal,40.706762,2.607034,35196661113437960.000000
491,0.979855,0.410094,-4.383532,1.905746,4,metal,59.043676,2.965573,2261573590838659885563904.000000
492,0.976930,0.332287,-4.383532,1.905682,5,metal,85.429346,3.345698,445118280632134336930036217108496384.000000
493,0.976930,0.269205,-4.383532,1.905679,5,metal,118.988759,3.740532,112633843409125632019610884185539272986391180476416.000000
494,0.976930,0.218099,-4.383532,1.905678,6,metal,158.572274,4.144520,11671363966946002911616577860193287470056017436590025067229234593792.000000
495,0.988079,10.456618,-3.757566,3.010381,1,metal,6.219037,1.792562,83.636095
496,0.988080,8.470599,-3.757566,3.010191,1,metal,6.255678,1.788638,87.098564
497,0.988079,6.863170,-3.757566,3.010390,1,metal,6.327878,1.789891,93.502385
498,0.988080,5.560188,-3.757566,3.010196,1,metal,6.443932,1.789058,105.095961
499,0.988079,4.504682,-3.757566,3.010353,1,metal,6.575572,1.793345,119.369925
500,0.988079,3.649504,-3.757566,3.010384,1,metal,6.894210,1.819047,159.998230
501,0.973539,2.956783,-3.757566,3.010296,1,metal,7.269442,1.786338,240.592437
502,0.973538,2.395433,-3.757566,3.010375,1,metal,8.429431,1.820867,741.417431
503,0.973538,1.940560,-3.757566,3.010367,1,metal,8.650315,1.913653,842.743077
504,0.973539,1.572148,-3.757566,3.010286,1,metal,9.717335,1.798610,2748.265818
505,0.973538,1.273741,-3.757566,3.010389,1,metal,11.964823,1.798628,26008.915848
506,0.973538,1.031932,-3.757566,3.010388,1,metal,15.678152,1.913681,950240.761377
507,0.960628,0.836028,-3.757566,3.010389,2,metal,21.766395,2.123218,339565328.741085
508,0.949079,0.677333,-3.757566,3.010340,3,metal,30.777138,2.406789,2094528282610.217285
509,0.949078,0.548740,-3.757566,3.010385,3,metal,43.172604,2.741982,362072905633192576.000000
510,0.949080,0.444435,-3.757566,3.010313,3,metal,59.476885,3.109003,3021759600651880458354688.000000
511,0.949078,0.360162,-3.757566,3.010388,4,metal,78.748583,3.494821,481164696707877698303000771035136.000000
512,0.850133,7.388958,-2.557773,8.750433,1,metal,7.961072,2.075685,359.742053
513,0.850115,5.986295,-2.557773,8.750927,1,metal,8.179432,2.095670,438.676494
514,0.850133,4.849840,-2.557773,8.750440,1,metal,8.554343,2.085000,645.059982
515,0.850133,3.929145,-2.557773,8.750442,1,metal,8.855264,2.090150,867.064832
516,0.850133,3.183237,-2.557773,8.750435,1,metal,9.625266,2.089701,1873.502388
517,0.850133,2.578942,-2.557773,8.750441,1,metal,10.525818,2.222144,4038.681349
518,0.850385,1.986343,-2.557773,8.743377,1,metal,11.377284,2.093811,10758.735580
519,0.850638,1.691897,-2.557773,8.736259,1,metal,12.386931,2.075068,30087.441384
520,0.850133,1.371332,-2.557773,8.750432,1,metal,14.003536,2.170846,137680.395875
521,0.850133,1.111000,-2.557773,8.750442,1,metal,15.670361,2.382691,589877.238813
522,0.956205,9.777822,-3.537379,6.319087,1,metal,7.643029,1.991171,284.820298
523,0.955410,7.389042,-3.537379,6.389060,1,metal,7.788165,2.011983,322.525339
524,0.335760,5.793847,-3.537379,6.662404,2,metal,7.269236,1.859688,223.530629
525,0.435633,4.849809,-3.537379,6.389126,3,metal,7.687345,1.842463,345.461816
526,0.435632,3.929079,-3.537379,6.389121,3,metal,7.969413,1.893902,435.071631
527,0.435617,3.183223,-3.537379,6.389037,3,metal,9.009094,1.843926,1293.578507
528,0.435619,2.578915,-3.537379,6.389047,3,metal,10.054234,1.942754,3332.506866
529,0.769604,1.889689,-3.537379,6.039640,3,metal,11.598570,1.957487,15383.993092
530,0.726369,1.692614,-3.537379,6.388931,3,metal,13.291928,1.931053,85894.527137
531,0.588683,1.371320,-3.537379,6.090419,4,metal,16.738043,1.921082,2722226.498632
532,0.589440,1.110997,-3.537379,5.574333,5,metal,21.500821,2.046337,281173904.745048
533,0.671388,0.900086,-3.537379,4.546717,8,metal,25.563447,2.197160,14055608206.082520
534,0.846368,7.389032,-4.060451,9.312205,1,metal,9.327913,2.095206,1383.964336
535,0.846373,5.986271,-4.060451,9.312055,1,metal,9.522970,2.111947,1654.117895
536,0.846373,4.849841,-4.060451,9.312062,1,metal,10.072558,2.110452,2870.111857
537,0.846373,3.929146,-4.060451,9.312067,1,metal,10.591948,2.107072,4840.996412
538,0.846373,3.183237,-4.060451,9.312074,1,metal,12.406894,2.115856,29467.344485
539,0.846397,2.579045,-4.060451,9.311371,1,metal,12.888283,2.257234,41400.535778
540,0.849939,1.986081,-4.060451,9.207148,1,metal,15.064975,2.108038,423766.031431
541,0.706350,1.692589,-4.060451,9.311124,2,metal,18.241442,2.063913,10612349.233116
542,0.706233,1.371339,-4.060451,9.312089,2,metal,24.608572,2.172081,5546823966.607418
543,0.585749,1.111002,-4.060451,8.340968,3,metal,32.045490,2.299931,8285753625128.142578
544,0.585748,0.900087,-4.060451,8.340968,3,metal,45.543146,2.603540,4450759606384153600.000000
545,0.585747,0.729213,-4.060451,8.340968,3,metal,63.688048,2.958532,236861133229838491287814144.000000
546,0.586424,0.590778,-4.060451,7.435960,5,metal,84.610618,3.246195,216830298764508773297929046846341120.000000
547,0.991127,7.389045,-2.417487,0.458831,9,metal,4.751749,1.482911,26.280772
548,0.991127,5.986200,-2.417487,0.458821,9,metal,5.119991,1.489163,37.744049
549,0.955410,7.389042,-3.537379,6.389060,1,metal,7.788165,2.011983,322.525339
550,0.726350,5.986299,-3.537379,6.389059,3,metal,7.660681,1.944697,303.682928
551,0.435633,4.849809,-3.537379,6.389126,3,metal,7.687345,1.842463,345.461816
552,0.435632,3.929079,-3.537379,6.389121,3,metal,7.969413,1.893902,435.071631
553,0.435617,3.183223,-3.537379,6.389037,3,metal,9.009094,1.843926,1293.578507
554,0.435619,2.578915,-3.537379,6.389047,3,metal,10.054234,1.942754,3332.506866
555,0.435604,2.089340,-3.537379,6.388966,3,metal,10.891867,1.935743,7755.237060
556,0.726369,1.692614,-3.537379,6.388931,3,metal,13.291928,1.931053,85894.527137
557,0.588683,1.371320,-3.537379,6.090419,4,metal,16.738043,1.921082,2722226.498632
558,0.589440,1.110997,-3.537379,5.574333,5,metal,21.500821,2.046337,281173904.745048
559,0.671388,0.900086,-3.537379,4.546717,8,metal,25.563447,2.197160,14055608206.082520
560,0.846368,7.389032,-4.060451,9.312205,1,metal,9.327913,2.095206,1383.964336
561,0.846373,5.986271,-4.060451,9.312055,1,metal,9.522970,2.111947,1654.117895
562,0.846373,4.849841,-4.060451,9.312062,1,metal,10.072558,2.110452,2870.111857
563,0.846373,3.929146,-4.060451,9.312067,1,metal,10.591948,2.107072,4840.996412
564,0.846373,3.183237,-4.060451,9.312074,1,metal,12.406894,2.115856,29467.344485
565,0.846397,2.579045,-4.060451,9.311371,1,metal,12.888283,2.257234,41400.535778
566,0.846369,2.089459,-4.060451,9.312176,1,metal,14.512866,2.130680,238514.586477
567,0.706350,1.692589,-4.060451,9.311124,2,metal,18.241442,2.063913,10612349.233116
568,0.706233,1.371339,-4.060451,9.312089,2,metal,24.608572,2.172081,5546823966.607418
569,0.585749,1.111002,-4.060451,8.340968,3,metal,32.045490,2.299931,8285753625128.142578
570,0.585748,0.900087,-4.060451,8.340968,3,metal,45.543146,2.603540,4450759606384153600.000000
571,0.585747,0.729213,-4.060451,8.340968,3,metal,63.688048,2.958532,236861133229838491287814144.000000
572,0.586424,0.590778,-4.060451,7.435960,5,metal,84.610618,3.246195,216830298764508773297929046846341120.000000
573,0.991127,7.389045,-2.417487,0.458831,9,metal,4.771311,1.482911,26.799938
574,0.991127,5.986200,-2.417487,0.458821,9,metal,5.111770,1.489163,37.435027
575,0.991127,4.849844,-2.417487,0.458830,9,metal,4.880933,1.491707,29.643007
576,0.991128,3.929334,-2.417487,0.458778,9,metal,4.902351,1.494915,30.187754
577,0.991127,1.692666,-2.417487,0.458830,9,metal,5.148656,1.555026,36.365842
578,0.991127,1.371335,-2.417487,0.458830,9,metal,5.339902,1.534403,44.947668
579,0.991127,1.111003,-2.417487,0.458832,9,metal,5.411252,1.481256,50.906794
580,0.604142,7.388555,-4.113363,9.976863,2,metal,9.333123,2.058909,1442.617130
581,0.604391,5.985987,-4.113363,9.976561,2,metal,9.527885,2.072810,1728.613677
582,0.604143,4.849827,-4.113363,9.976861,2,metal,10.052532,2.082174,2893.891951
583,0.604098,3.929141,-4.113363,9.976914,2,metal,10.737875,2.068360,5822.676183
584,0.604090,3.183225,-4.113363,9.976924,2,metal,12.744523,2.088721,42438.097897
585,0.604394,2.578976,-4.113363,9.976558,3,metal,13.134184,2.248435,53409.783842
586,0.629825,1.709764,-4.113363,9.924954,3,metal,18.960612,2.069410,21664848.113338
587,0.604688,1.672422,-4.113363,9.976198,3,metal,19.602514,2.070736,41110679.852094
588,0.604145,1.371322,-4.113363,9.976859,3,metal,26.243915,2.188962,27985521712.306282
589,0.604143,1.110997,-4.113363,9.976861,3,metal,36.511572,2.427956,634346227158143.250000
590,0.604143,0.900086,-4.113363,9.976861,3,metal,49.943483,2.745188,314745257669428838400.000000
591,0.604144,0.729213,-4.113363,9.976859,3,metal,62.442326,3.108296,58673495610278305157087232.000000
592,0.972609,7.388722,-4.350661,6.388995,1,metal,8.401932,2.016583,593.091957
593,0.936923,5.986186,-4.350661,6.389011,1,metal,8.622077,2.003192,749.109743
594,0.936922,4.849827,-4.350661,6.389018,1,metal,9.109696,1.989872,1236.232235
595,0.936922,3.929143,-4.350661,6.389055,1,metal,9.290551,2.034428,1416.753177
596,0.936922,3.183228,-4.350661,6.389056,1,metal,10.385952,1.991146,4424.027459
597,0.936922,2.579088,-4.350661,6.389053,1,metal,11.292470,2.076961,10051.821670
598,0.936948,2.082589,-4.350661,6.387480,1,metal,12.176305,2.068679,24529.350611
599,0.936922,1.692661,-4.350661,6.389043,1,metal,14.515191,1.990327,275092.837024
600,0.902470,1.371340,-4.350661,6.389055,2,metal,19.108173,2.030076,26117007.002853
601,0.902470,1.111002,-4.350661,6.389056,2,metal,26.235951,2.200062,27457058669.849232
602,0.796743,0.900088,-4.350661,6.389056,5,metal,38.261250,2.444446,3589553795740600.000000
603,0.796743,0.729215,-4.350661,6.389061,5,metal,55.418381,2.773892,72981185496590760017920.000000
604,0.796743,0.590778,-4.350661,6.389059,5,metal,80.195176,3.140414,2913787034128406058180478962237440.000000
605,0.466344,0.478623,-4.350661,6.389055,7,metal,121.959382,3.509066,2768971077576379010122177319116519307464340234305536.000000
606,0.701246,0.387109,-4.350661,6.376627,7,metal,169.963251,3.927464,1283589316414682200197883809557538534592404947095052772918183881091317760.000000
607,0.589647,7.388927,-3.149317,5.891386,3,metal,6.797947,1.874684,137.450443
608,0.589640,5.986288,-3.149317,5.891386,3,metal,7.021038,1.871170,172.408682
609,0.589649,4.849746,-3.149317,5.891386,3,metal,7.310567,1.860919,232.676354
610,0.589642,3.929120,-3.149317,5.891386,3,metal,7.649716,1.920497,307.728943
611,0.590710,3.183225,-3.149317,5.253174,4,metal,7.877971,1.821821,426.729269
612,0.681027,1.777853,-3.149317,5.113913,4,metal,10.541596,1.865185,5862.965096
613,0.643856,1.728701,-3.149317,5.206294,4,metal,10.883266,1.848913,8386.285939
614,0.596586,1.663994,-3.149317,4.808088,5,metal,10.683689,1.801657,7201.406813
615,0.999802,1.371312,-3.149317,0.054941,9,metal,4.689675,1.490900,24.502495
616,0.999802,1.111003,-3.149317,0.054949,9,metal,4.425984,1.408204,20.445845
617,0.999802,0.900089,-3.149317,0.054948,9,metal,4.548020,1.413888,22.968687
618,0.999802,0.729213,-3.149317,0.054949,9,metal,5.063861,1.507464,35.036721
619,0.999802,0.464013,-3.149317,0.054883,9,metal,7.960687,1.962110,402.855205
620,0.999802,0.462830,-3.149317,0.054914,9,metal,7.987364,1.965496,412.348050
621,0.999802,0.387602,-3.149317,0.054910,9,metal,10.151711,2.216108,2795.044733
622,0.999802,0.314145,-3.149317,0.054948,9,metal,13.904466,2.548516,85472.523886
623,0.584553,7.388908,-3.827651,11.526171,1,metal,9.638147,2.110492,1858.742410
624,0.584533,5.986287,-3.827651,11.526171,1,metal,9.911277,2.115859,2429.444890
625,0.584531,4.849844,-3.827651,11.526171,1,metal,10.446052,2.148907,4012.399346
626,0.584506,3.929118,-3.827651,11.526171,1,metal,11.325377,2.113124,10019.139837
627,0.584492,3.183245,-3.827651,11.526171,1,metal,13.260955,2.157204,66419.826758
628,0.584530,2.578917,-3.827651,11.526171,1,metal,13.837370,2.272463,105335.581035
629,0.584528,2.089332,-3.827651,11.526171,1,metal,16.104557,2.128689,1173929.870178
630,0.725119,1.692616,-3.827651,7.138851,3,metal,14.761041,1.967955,359721.888715
631,0.725114,1.371340,-3.827651,7.138890,3,metal,19.530363,2.035839,39607284.684988
632,0.725145,1.110983,-3.827651,7.138656,3,metal,27.098660,2.227689,63288568573.268982
633,0.725145,0.900085,-3.827651,7.138656,3,metal,38.210619,2.510109,3195466695302055.500000
634,0.725119,0.729214,-3.827651,7.138851,3,metal,53.544340,2.849994,10381852634250823598080.000000
635,0.966009,2.117452,-3.342208,2.365465,2,metal,7.674566,1.800947,355.533165
636,0.943028,2.091566,-3.342208,2.766709,3,metal,7.978019,1.860016,453.957063
637,0.943009,2.091443,-3.342208,2.767240,3,metal,7.978503,1.860129,454.125579
638,0.943012,2.090877,-3.342208,2.767143,3,metal,7.978633,1.860315,454.100366
639,0.942984,2.091187,-3.342208,2.767964,3,metal,7.979211,1.860314,454.363265
640,0.942984,2.091106,-3.342208,2.767947,3,metal,7.979217,1.860340,454.353971
641,0.943029,0.450655,-3.342208,2.766663,4,metal,46.941152,3.027033,11793956901394968576.000000
642,0.943014,0.450595,-3.342208,2.767100,4,metal,46.954233,3.027372,11945195130637107200.000000
643,0.878406,7.389053,-4.372156,9.312256,1,metal,9.787989,2.103061,2175.313572
644,0.878409,5.986168,-4.372156,9.312102,1,metal,9.929157,2.119665,2463.877587
645,0.878406,4.849842,-4.372156,9.312232,1,metal,10.417090,2.118193,4019.435889
646,0.878420,3.929259,-4.372156,9.311690,1,metal,10.986087,2.114832,7124.218176
647,0.878408,3.183293,-4.372156,9.312167,1,metal,12.912762,2.123547,48494.967046
648,0.878406,2.578943,-4.372156,9.312251,1,metal,13.249235,2.264003,58996.442936
649,0.878402,2.089552,-4.372156,9.312398,1,metal,14.964865,2.138287,371973.695235
650,0.792780,1.692643,-4.372156,9.312133,2,metal,18.918031,2.085659,20427070.806724
651,0.792773,1.371341,-4.372156,9.312257,2,metal,25.501775,2.191618,13288391398.567854
652,0.585337,1.110997,-4.372156,8.376234,4,metal,33.721060,2.302715,44138110792112.367188
653,0.585331,0.900086,-4.372156,8.376234,4,metal,48.607665,2.606697,95053142119556972544.000000
654,0.585319,0.729213,-4.372156,8.376234,4,metal,69.916817,2.961923,119712891603230147502971813888.000000
655,0.585319,0.590778,-4.372156,8.376234,4,metal,98.473525,3.345834,205793323695877693869848081657066910908416.000000
656,0.585855,0.478627,-4.372156,7.665452,5,metal,132.933697,3.669374,137651926838300163427445921411913305101312052166639222784.000000
657,0.587867,7.388922,-3.515871,6.775166,3,metal,7.393465,1.926668,236.700880
658,0.587862,5.986298,-3.515871,6.775166,3,metal,7.615267,1.929625,294.606972
659,0.587860,4.849745,-3.515871,6.775166,3,metal,8.088630,1.911651,481.535278
660,0.587856,3.929118,-3.515871,6.775166,3,metal,8.365321,1.952994,609.310070
661,0.587860,3.183228,-3.515871,6.775166,3,metal,9.442499,1.913714,1860.842492
662,0.587859,2.578926,-3.515871,6.775166,4,metal,10.467805,2.016851,4679.536181
663,0.632973,1.714030,-3.515871,6.731946,4,metal,13.498193,1.922150,106515.207227
664,0.593056,1.658799,-3.515871,6.774609,4,metal,14.061041,1.911496,189008.071037
665,0.587863,1.371337,-3.515871,6.775166,4,metal,18.072139,1.972799,9814193.228920
666,0.587862,1.110997,-3.515871,6.775166,4,metal,24.891976,2.164382,7421105559.064944
667,0.737329,1.849944,-2.725824,6.998968,2,metal,11.473250,1.978828,13285.407229
668,0.724075,1.833238,-2.725824,7.101320,2,metal,11.623818,1.976782,15475.850280
669,0.709092,1.814166,-2.725824,7.203491,2,metal,11.781204,1.974350,18157.774975
670,0.692018,1.792184,-2.725824,7.303172,2,metal,11.916404,1.971448,20846.800083
671,0.986504,7.389051,-3.631162,3.113091,1,metal,6.272003,1.798451,87.667607
672,0.755382,5.986264,-3.631162,6.389220,3,metal,7.763276,1.952979,333.718096
673,0.398960,4.849838,-3.631162,6.389071,3,metal,7.709025,1.830771,357.185043
674,0.398959,3.929127,-3.631162,6.389069,3,metal,7.983263,1.882809,446.060340
675,0.398957,3.183225,-3.631162,6.389052,3,metal,9.055932,1.832260,1371.515412
676,0.398952,2.578918,-3.631162,6.389016,3,metal,10.079349,1.932185,3453.569476
677,0.398956,2.089329,-3.631162,6.389042,3,metal,10.952327,1.925108,8326.674590
678,0.755394,1.692630,-3.631162,6.389112,3,metal,13.440521,1.939444,98822.116473
679,0.588221,1.371337,-3.631162,6.312200,4,metal,17.409828,1.938066,5239631.976336
680,0.685493,1.110998,-3.631162,5.216706,6,metal,20.554994,2.033641,110591452.772621
681,0.685464,0.900087,-3.631162,5.216805,6,metal,29.074284,2.287945,429694039282.613586
682,0.847664,7.389041,-4.071254,9.312216,1,metal,9.341582,2.095525,1402.563786
683,0.847668,5.986272,-4.071254,9.312078,1,metal,9.535189,2.112261,1673.927935
684,0.847663,4.849848,-4.071254,9.312225,1,metal,10.083212,2.110771,2899.926447
685,0.847691,3.929161,-4.071254,9.311402,1,metal,10.603829,2.107373,4897.382675
686,0.847668,3.183238,-4.071254,9.312097,1,metal,12.422676,2.116169,29926.716070
687,0.847663,2.578919,-4.071254,9.312229,1,metal,12.900528,2.257599,41895.302017
688,0.847663,2.089463,-4.071254,9.312228,1,metal,14.527363,2.130990,241922.618669
689,0.710768,1.692669,-4.071254,9.312054,2,metal,18.262521,2.065067,10825925.046302
690,0.710831,1.371328,-4.071254,9.311514,2,metal,24.636426,2.173100,5697687401.274985
691,0.585707,1.111002,-4.071254,8.375463,3,metal,32.202926,2.302721,9671503713513.861328
692,0.585705,0.900087,-4.071254,8.375463,3,metal,45.776472,2.606679,5602768813561924608.000000
693,0.585684,0.729213,-4.071254,8.375463,3,metal,64.018145,2.961886,328394858160153704339079168.000000
694,0.586399,0.590780,-4.071254,7.466699,5,metal,85.080439,3.249610,345682727876331152430350893364281344.000000
695,0.588583,7.388333,-3.364324,6.394624,3,metal,7.137029,1.909136,186.399553
696,0.588570,5.985969,-3.364324,6.394624,3,metal,7.359640,1.904873,233.870384
697,0.588562,4.849745,-3.364324,6.394624,3,metal,7.751487,1.890100,351.210864
698,0.588558,3.929119,-3.364324,6.394624,3,metal,8.057036,1.939111,453.921854
699,0.588555,3.183246,-3.364324,6.394624,3,metal,8.996320,1.891512,1217.808195
700,0.588551,2.578972,-3.364324,6.394624,4,metal,10.104233,1.986097,3354.761583
701,0.588557,2.089352,-3.364324,6.394624,4,metal,10.844804,1.979127,7084.585879
702,0.593309,1.659427,-3.364324,6.394183,4,metal,13.277161,1.890926,88100.647304
703,0.588561,1.371341,-3.364324,6.394624,4,metal,16.937764,1.944453,3247225.457167
704,0.742594,1.856446,-2.941620,7.543670,2,metal,12.447384,2.002911,34353.969871
705,0.729218,1.839737,-2.941620,7.661519,2,metal,12.644177,2.001769,41873.469421
706,0.714006,1.820472,-2.941620,7.780197,2,metal,12.862494,2.000326,52165.072968
707,0.696546,1.798038,-2.941620,7.897202,2,metal,13.102330,1.998513,66424.188770
708,0.972959,2.124682,-2.941620,1.263761,5,metal,6.021906,1.625381,81.168291
709,0.972958,2.124481,-2.941620,1.263788,5,metal,6.022327,1.625418,81.199465
710,0.972953,2.088747,-2.941620,1.263919,5,metal,6.094241,1.631639,86.712806
711,0.972954,1.692581,-2.941620,1.263904,5,metal,6.497580,1.722941,118.467513
712,0.972954,1.371310,-2.941620,1.263904,5,metal,6.977187,1.615477,213.088924
713,0.972953,1.111003,-2.941620,1.263921,5,metal,8.147652,1.612307,689.071203
714,0.980727,0.900093,-2.941620,1.113731,5,metal,9.578747,1.682805,2686.358178
715,1.000000,2.154401,-2.004714,0.000357,9,metal,3.802705,1.391896,11.142971
716,1.000000,2.154334,-2.004714,0.000361,9,metal,3.812501,1.391892,11.252708
717,1.000000,2.154375,-2.004714,0.000357,9,metal,3.801154,1.391894,11.125723
718,1.000000,2.154324,-2.004714,0.000358,9,metal,3.801252,1.391891,11.126850
719,1.000000,2.154314,-2.004714,0.000363,9,metal,3.805183,1.391891,11.170670
720,1.000000,2.089237,-2.004714,0.000366,9,metal,3.783642,1.388283,10.972138
721,1.000000,1.692667,-2.004714,0.000366,9,metal,3.864001,1.414126,11.586893
722,1.007428,7.576079,-2.189931,0.081645,1,torayBT250E,4.214644,1.413332,16.466232
723,1.007428,4.972608,-2.189931,0.081495,1,torayBT250E,4.010259,1.410346,13.462570
724,1.007428,4.028608,-2.189931,0.081498,1,torayBT250E,4.022576,1.409865,13.635963
725,1.007428,3.263816,-2.189931,0.081493,1,torayBT250E,4.070696,1.413956,14.249759
726,1.007428,2.644217,-2.189931,0.081496,1,torayBT250E,4.125071,1.431230,14.788370
727,1.007429,2.142434,-2.189931,0.080816,1,torayBT250E,4.093700,1.412023,14.609580
728,1.007428,1.735435,-2.189931,0.081502,1,torayBT250E,4.191322,1.436078,15.724884
729,1.007428,1.406043,-2.189931,0.081494,1,torayBT250E,4.607103,1.512676,22.074579
730,1.007428,1.139127,-2.189931,0.081645,1,torayBT250E,4.248002,1.422152,16.875283
731,1.007428,0.922873,-2.189931,0.081495,1,torayBT250E,4.263145,1.419818,17.172807
732,1.007429,0.747679,-2.189931,0.080764,1,torayBT250E,4.641076,1.505674,22.997887
733,1.007428,0.605736,-2.189931,0.081496,1,torayBT250E,5.450753,1.673220,43.708077
734,1.007428,0.490740,-2.189931,0.081673,1,torayBT250E,6.792820,1.909128,132.117575
735,1.007429,0.395568,-2.189931,0.080854,1,torayBT250E,8.913497,2.205954,818.556947
736,1.007428,0.322095,-2.189931,0.081494,1,torayBT250E,11.944564,2.529173,12275.873780
737,1.007428,0.260950,-2.189931,0.081496,1,torayBT250E,16.451120,2.888432,776605.810418
738,1.007428,0.211411,-2.189931,0.081495,1,torayBT250E,22.911709,3.267928,339770397.295484
739,1.007428,0.171277,-2.189931,0.081494,1,torayBT250E,31.929714,3.661256,1891626464876.727051
740,1.007428,0.138762,-2.189931,0.081493,1,torayBT250E,44.092612,4.063910,242239123941968096.000000
741,1.191472,8.211653,-3.253970,0.525388,1,solvay5320,4.791605,1.582588,24.754729
742,1.191472,6.652742,-3.253970,0.525355,1,solvay5320,4.811624,1.579613,25.330552
743,1.191471,5.389772,-3.253970,0.525615,1,solvay5320,4.854179,1.580599,26.405696
744,1.191468,4.366628,-3.253970,0.526311,1,solvay5320,4.913274,1.580096,28.027276
745,1.191469,3.537742,-3.253970,0.526306,1,solvay5320,4.999473,1.583326,30.451859
746,1.191468,2.866402,-3.253970,0.526314,1,solvay5320,5.220050,1.602969,37.228722
747,1.191471,2.321852,-3.253970,0.525572,1,solvay5320,5.286644,1.581580,40.652655
748,1.191472,1.881124,-3.253970,0.525386,1,solvay5320,5.666266,1.607811,57.884834
749,1.191472,1.524009,-3.253970,0.525388,1,solvay5320,6.115634,1.679394,84.456793
750,1.191468,1.234686,-3.253970,0.526310,1,solvay5320,6.223413,1.590990,102.762758
751,1.191472,1.000293,-3.253970,0.525388,1,solvay5320,6.757358,1.590871,175.297860
752,1.191468,0.810418,-3.253970,0.526310,1,solvay5320,7.757623,1.679645,436.146295
753,1.191468,0.656603,-3.253970,0.526310,1,solvay5320,9.219641,1.849139,1588.431744
754,1.191471,0.531845,-3.253970,0.525569,1,solvay5320,11.139490,2.086814,8541.364711
755,1.188714,0.430928,-3.253970,0.525343,2,solvay5320,16.398973,2.377433,1228789.523730
756,1.187657,0.349120,-3.253970,0.525345,3,solvay5320,21.802930,2.708840,196091075.014935
757,1.187659,0.282841,-3.253970,0.525273,3,solvay5320,28.404690,3.069053,100722720745.286087
758,1.187659,0.229148,-3.253970,0.525273,3,solvay5320,37.067489,3.449216,398318601605960.875000
759,1.187658,0.185646,-3.253970,0.525333,3,solvay5320,48.524478,3.843057,25403549461088497664.000000
760,1.187657,0.150402,-3.253970,0.525346,4,solvay5320,63.956120,4.246049,85458358037393381863194624.000000
761,0.570724,8.900443,-4.924069,1.105509,1,solvay5320,4.942107,1.401305,34.494568
762,0.570724,7.210838,-4.924069,1.105317,1,solvay5320,4.862035,1.397091,31.974658
763,0.570724,5.841933,-4.924069,1.105317,1,solvay5320,4.832970,1.398418,31.017519
764,0.570724,4.733073,-4.924069,1.105510,1,solvay5320,4.897788,1.397574,33.122531
765,0.570724,3.834507,-4.924069,1.105316,1,solvay5320,4.977313,1.402126,35.701283
766,0.570724,3.106427,-4.924069,1.105281,1,solvay5320,5.131702,1.429630,40.531182
767,0.570724,2.516618,-4.924069,1.105509,1,solvay5320,5.442238,1.399847,56.962399
768,0.570724,2.038928,-4.924069,1.105320,1,solvay5320,6.226546,1.436620,120.292522
769,0.570724,1.651858,-4.924069,1.105317,1,solvay5320,6.396897,1.535069,129.260240
770,0.570724,1.338269,-4.924069,1.105317,1,solvay5320,7.161419,1.412920,313.719343
771,0.570724,1.084241,-4.924069,1.105506,1,solvay5320,8.679238,1.412952,1431.224836
772,0.568865,0.878383,-4.924069,1.105263,2,solvay5320,12.230493,1.534257,44189.216422
773,0.568865,0.711581,-4.924069,1.105239,2,solvay5320,16.844284,1.758163,3563027.993617
774,0.568132,0.576528,-4.924069,1.105271,3,solvay5320,24.128990,2.054443,3862371517.899386
775,0.568132,0.467077,-4.924069,1.105252,3,solvay5320,34.231464,2.398297,66829572993114.578125
776,0.568132,0.378407,-4.924069,1.105268,3,solvay5320,47.855899,2.771453,38012455146727391232.000000
777,0.567488,0.306570,-4.924069,1.105271,4,solvay5320,69.271861,3.162476,51397416772149507247011004416.000000
778,0.566911,0.248370,-4.924069,1.105271,5,solvay5320,98.525674,3.564545,174218567379756960215775898374008563826688.000000
779,0.566386,0.201232,-4.924069,1.105227,6,solvay5320,138.092856,3.973335,17675341862787239439094875564343366346873975449269445853184.000000
780,0.565903,0.161567,-4.924069,1.104990,7,solvay5320,191.896916,4.404238,2673225012574804286621570660728724011153457609628750083882019215809450133038301184.000000
781,1.103154,9.647346,-3.157605,1.905711,1,hexcelIM7,5.424721,1.729089,40.271027
782,1.103154,7.815596,-3.157605,1.905683,1,hexcelIM7,5.451295,1.725541,41.502516
783,1.103154,6.331984,-3.157605,1.905679,1,hexcelIM7,5.510894,1.726663,44.001839
784,1.103154,5.129886,-3.157605,1.905707,1,hexcelIM7,5.597130,1.725925,48.000183
785,1.103154,4.156030,-3.157605,1.905707,1,hexcelIM7,5.720124,1.729799,54.072434
786,1.103154,3.367044,-3.157605,1.905679,1,hexcelIM7,6.023463,1.753137,71.544970
787,1.103154,2.727848,-3.157605,1.905707,1,hexcelIM7,6.188738,1.727854,86.563983
788,1.103154,2.209984,-3.157605,1.905689,1,hexcelIM7,6.856666,1.759075,163.627293
789,1.103154,1.790477,-3.157605,1.905684,1,hexcelIM7,7.315412,1.843482,237.919010
790,1.095487,1.450508,-3.157605,1.905859,1,hexcelIM7,7.891775,1.736260,471.309517
791,1.097237,1.175126,-3.157605,1.751677,1,hexcelIM7,8.964408,1.717042,1404.400739
792,1.095478,0.952055,-3.157605,1.906637,1,hexcelIM7,11.662893,1.841205,18429.139199
793,1.097236,0.771324,-3.157605,1.751781,1,hexcelIM7,14.476298,2.003466,261145.132668
794,1.088898,0.624903,-3.157605,1.905226,2,hexcelIM7,20.734818,2.303384,101081100.357974
795,1.083156,0.506261,-3.157605,1.905674,3,hexcelIM7,28.496818,2.621736,172744944982.744568
796,1.083157,0.410165,-3.157605,1.905641,3,hexcelIM7,37.793975,2.975826,1322299675508459.500000
797,1.083161,0.332241,-3.157605,1.905465,3,hexcelIM7,48.506576,3.353342,40719314615567818752.000000
798,1.078059,0.269203,-3.157605,1.905651,4,hexcelIM7,64.414331,3.745329,222952787125563639054991360.000000
799,0.421171,10.456481,-4.123484,3.010392,1,solvayMTM45,5.056142,1.583298,32.228269
800,0.421171,8.471400,-4.123484,3.010391,1,solvayMTM45,5.079962,1.578479,33.164606
801,0.421171,6.863172,-4.123484,3.010391,1,solvayMTM45,5.152828,1.580006,35.616969
802,0.421171,5.560296,-4.123484,3.010378,1,solvayMTM45,5.252070,1.578996,39.372743
803,0.421171,4.504819,-4.123484,3.010378,1,solvayMTM45,5.381205,1.584273,44.564274
804,0.421171,3.649395,-4.123484,3.010377,1,solvayMTM45,5.693404,1.615864,59.000150
805,0.416329,2.956667,-4.123484,3.010390,1,solvayMTM45,6.070040,1.579628,89.158137
806,0.416329,2.395333,-4.123484,3.010345,1,solvayMTM45,7.157530,1.621937,253.558085
807,0.416329,1.940625,-4.123484,3.010346,1,solvayMTM45,7.429228,1.734052,297.429042
808,0.416329,1.572218,-4.123484,3.010383,1,solvayMTM45,8.408267,1.594717,910.095467
809,0.416329,1.273750,-4.123484,3.010383,1,solvayMTM45,10.475829,1.594714,7194.805222
810,0.412078,1.031949,-4.123484,3.010388,2,solvayMTM45,14.109464,1.732537,237263.566379
811,0.412079,0.835946,-4.123484,3.010372,2,solvayMTM45,19.417082,1.982636,37297836.040221
812,0.408318,0.677275,-4.123484,3.010357,3,solvayMTM45,27.477977,2.304401,85653519838.739151
813,0.408318,0.548719,-4.123484,3.010364,3,solvayMTM45,37.933228,2.669800,2064012096149190.750000
814,0.408317,0.444556,-4.123484,3.010367,3,solvayMTM45,50.959369,3.059014,635126086036685979648.000000
815,0.401785,0.360163,-4.123484,3.010390,5,solvayMTM45,72.621659,3.461025,1086630379113717272561309450240.000000
816,0.404917,0.291789,-4.123484,3.010391,5,solvayMTM45,87.042945,3.871159,1321440202959909106497580207637004288.000000
817,1.363215,11.333813,-3.713685,4.535178,1,hexcelIM7,7.432097,2.009474,226.472432
818,1.363237,8.943006,-3.713685,4.532759,1,hexcelIM7,7.466285,2.006671,235.006671
819,1.372920,7.438338,-3.713685,3.389355,1,hexcelIM7,6.974857,1.937633,154.041869
820,1.363212,6.026526,-3.713685,4.535478,1,hexcelIM7,7.628340,2.006194,276.482113
821,1.329824,4.882562,-3.713685,4.533780,1,hexcelIM7,7.748893,2.001158,313.479848
822,1.329819,3.955656,-3.713685,4.533977,1,hexcelIM7,8.133784,2.025680,449.485768
823,1.329823,3.204715,-3.713685,4.533810,1,hexcelIM7,8.450371,1.999110,633.500528
824,1.329902,2.596422,-3.713685,4.530167,1,hexcelIM7,9.606654,2.031625,1948.916859
825,1.329901,2.103764,-3.713685,4.530191,1,hexcelIM7,9.990948,2.120482,2618.785678
826,1.299035,1.704052,-3.713685,4.534985,2,hexcelIM7,10.985142,2.002559,7963.177579
827,1.299051,1.380539,-3.713685,4.534531,2,hexcelIM7,13.354837,2.002547,85160.222496
828,1.299050,1.118482,-3.713685,4.534541,2,hexcelIM7,17.422844,2.113020,4456275.269839
829,1.299035,0.906161,-3.713685,4.534998,2,hexcelIM7,23.712554,2.318451,1955873325.580926
830,1.270446,0.734135,-3.713685,4.535040,3,hexcelIM7,33.338299,2.591502,22550917027644.218750
831,1.270459,0.594781,-3.713685,4.534776,3,hexcelIM7,46.776572,2.919934,11135144303109853184.000000
832,1.270457,0.481891,-3.713685,4.534807,3,hexcelIM7,64.717437,3.281195,480198739439024254388011008.000000
833,0.911608,7.389029,-2.662978,6.559275,1,solvay5320,7.089260,2.008327,160.924164
834,0.911524,5.986301,-2.662978,6.562700,1,solvay5320,7.260211,2.006788,191.219608
835,0.911539,4.849849,-2.662978,6.562094,1,solvay5320,7.435018,1.991983,231.142570
836,0.911608,3.929162,-2.662978,6.559286,1,solvay5320,7.770386,2.033577,310.073294
837,0.911609,3.183274,-2.662978,6.559268,1,solvay5320,8.201733,1.993404,496.870373
838,0.911634,2.578465,-2.662978,6.558248,1,solvay5320,9.182183,2.083526,1210.340720
839,0.707426,2.089316,-2.662978,6.639592,1,solvay5320,9.719964,2.018920,2210.653812
840,0.911539,1.692683,-2.662978,6.562097,1,solvay5320,10.503992,1.991644,4975.834941
841,0.911537,1.371341,-2.662978,6.562190,1,solvay5320,11.993117,2.044443,20924.448924
842,0.911608,1.111004,-2.662978,6.559287,1,solvay5320,13.867711,2.217217,114747.978185
843,0.911537,0.900088,-2.662978,6.562190,1,solvay5320,15.701850,2.482190,551093.741918
844,1.170350,7.388698,-3.893144,9.544098,1,hexcelIM7,9.519001,2.179627,1539.748487
845,0.845669,5.986291,-3.893144,9.119695,2,hexcelIM7,9.037115,2.105914,1023.723198
846,0.845663,4.849845,-3.893144,9.119695,2,hexcelIM7,9.613243,2.101318,1829.732842
847,0.845638,3.929140,-3.893144,9.119695,2,hexcelIM7,9.989188,2.100813,2666.108530
848,0.845624,3.183232,-3.893144,9.119695,2,hexcelIM7,11.554985,2.106479,12689.192353
849,0.845653,2.578918,-3.893144,9.119695,2,hexcelIM7,12.226392,2.244987,21620.658713
850,0.845536,2.089365,-3.893144,9.119694,2,hexcelIM7,13.597237,2.125210,95992.681827
851,0.845734,1.692662,-3.893144,9.119695,2,hexcelIM7,16.808980,2.090459,2467019.977949
852,0.845694,1.371327,-3.893144,9.119695,2,hexcelIM7,22.356242,2.192011,571760442.408048
853,0.845665,1.111003,-3.893144,9.119695,2,hexcelIM7,30.728554,2.409124,1990546371650.747070
854,0.847066,0.900083,-3.893144,7.771845,3,hexcelIM7,38.621820,2.590146,4449970077309838.000000
855,0.944331,0.729215,-3.893144,5.486375,7,hexcelIM7,42.129014,2.682288,135361642329939936.000000
856,0.610084,7.389173,-2.325519,13.552283,1,solvayMTM45,8.476968,2.185723,539.825225
857,0.610079,5.986147,-2.325519,13.552459,1,solvayMTM45,8.725570,2.181172,695.337819
858,0.610087,4.849790,-2.325519,13.552151,1,solvayMTM45,9.260457,2.240909,1118.280887
859,0.610087,3.929124,-2.325519,13.552178,1,solvayMTM45,9.613433,2.180435,1690.869063
860,0.610086,3.183220,-2.325519,13.552200,1,solvayMTM45,10.728731,2.251074,4806.173871
861,0.610086,2.578917,-2.325519,13.552203,1,solvayMTM45,11.458472,2.308470,9414.462550
862,0.551857,1.257998,-2.325519,9.131542,2,solvayMTM45,16.580938,2.206985,1747947.829324
863,0.527071,1.229398,-2.325519,9.406995,2,solvayMTM45,17.281645,2.246135,3387186.743646
864,0.491738,1.187511,-2.325519,9.660441,2,solvayMTM45,18.166571,2.297902,7792477.924683
865,0.446716,1.109960,-2.325519,9.772049,2,solvayMTM45,19.549133,2.385906,28437724.009946
866,0.751454,0.900087,-2.325519,0.807926,5,solvayMTM45,6.678563,1.513949,174.969992
867,1.309592,7.576085,-3.684586,0.105176,1,solvayMTM45,4.758363,1.554780,24.620593
868,1.309592,6.137810,-3.684586,0.105200,1,solvayMTM45,4.767880,1.552185,24.920606
869,1.309592,4.972613,-3.684586,0.105199,1,solvayMTM45,4.795156,1.553009,25.588614
870,1.309592,4.028609,-3.684586,0.105176,1,solvayMTM45,4.825944,1.552460,26.403166
871,1.309592,3.263811,-3.684586,0.105176,1,solvayMTM45,4.879556,1.555304,27.778208
872,1.309592,2.644205,-3.684586,0.105176,1,solvayMTM45,5.027720,1.572495,31.665411
873,1.309592,2.142304,-3.684586,0.105199,1,solvayMTM45,5.022387,1.553883,32.088711
874,1.309592,1.735523,-3.684586,0.105178,1,solvayMTM45,5.247445,1.576889,39.273740
875,1.309592,1.406047,-3.684586,0.105200,1,solvayMTM45,5.641011,1.640004,54.653170
876,1.309592,1.139125,-3.684586,0.105200,1,solvayMTM45,5.475527,1.562034,50.073538
877,1.309592,0.922873,-3.684586,0.105176,1,solvayMTM45,5.705880,1.562032,63.044979
878,1.309592,0.747675,-3.684586,0.105200,1,solvayMTM45,6.359074,1.640014,112.062857
879,1.309592,0.605734,-3.684586,0.105176,1,solvayMTM45,7.504472,1.791457,302.782556
880,1.309592,0.490741,-3.684586,0.105176,1,solvayMTM45,9.282065,2.008093,1442.268236
881,1.309592,0.397554,-3.684586,0.105198,1,solvayMTM45,11.921748,2.279315,15404.779067
882,1.309592,0.322099,-3.684586,0.105176,1,solvayMTM45,15.769634,2.593423,527661.875129
883,1.309514,0.260951,-3.684586,0.105183,1,solvayMTM45,22.607203,2.940061,347801247.602409
884,1.309434,0.211412,-3.684586,0.096066,3,solvayMTM45,31.916925,3.302734,2672915590920.876465
885,1.309434,0.171277,-3.684586,0.096075,3,solvayMTM45,45.242109,3.689159,1112287505989638784.000000
886,1.309434,0.138762,-3.684586,0.096096,3,solvayMTM45,64.846776,4.087047,244126639318344660254982144.000000
887,1.207768,8.211019,-2.017999,0.525344,1,solvayMTM45,4.468943,1.589247,17.808858
888,1.207768,6.652672,-2.017999,0.525344,1,solvayMTM45,4.753781,1.586304,23.747494
889,1.207768,5.389766,-2.017999,0.525347,1,solvayMTM45,4.544264,1.587239,19.240643
890,1.207768,4.366563,-2.017999,0.525347,1,solvayMTM45,4.581555,1.586622,19.984017
891,1.207768,3.537606,-2.017999,0.525347,1,solvayMTM45,4.639774,1.589851,21.113724
892,1.207768,2.866020,-2.017999,0.525348,1,solvayMTM45,4.724570,1.609339,22.538643
893,1.207768,2.321956,-2.017999,0.525344,1,solvayMTM45,5.134838,1.588230,34.695438
894,1.207768,1.849776,-2.017999,0.525262,1,solvayMTM45,4.822038,1.620183,24.578076
895,1.207768,1.523895,-2.017999,0.525331,1,solvayMTM45,5.420483,1.685403,41.891381
896,1.207768,1.234688,-2.017999,0.525347,1,solvayMTM45,5.268722,1.597482,39.300611
897,1.207768,1.000292,-2.017999,0.525347,1,solvayMTM45,5.371199,1.597482,43.541612
898,1.207768,0.810395,-2.017999,0.525347,1,solvayMTM45,5.722551,1.685451,56.661811
899,1.207768,0.656548,-2.017999,0.525347,1,solvayMTM45,6.494839,1.853987,103.632633
900,1.207768,0.531931,-2.017999,0.525331,1,solvayMTM45,7.691612,2.090541,270.716232
901,1.205793,0.430932,-2.017999,0.525348,1,solvayMTM45,9.880411,2.380585,1807.728441
902,1.207768,0.349119,-2.017999,0.525347,1,solvayMTM45,11.929160,2.711523,10073.230149
903,1.207768,0.282840,-2.017999,0.525344,1,solvayMTM45,15.484532,3.070963,246118.743372
904,1.207768,0.229147,-2.017999,0.525347,1,solvayMTM45,20.486727,3.450549,25044833.574243
905,1.207768,0.185645,-2.017999,0.525344,1,solvayMTM45,27.364072,3.843934,16393287147.963415
906,1.207768,0.150402,-2.017999,0.525347,1,solvayMTM45,36.422413,4.246629,94138100063852.500000
907,1.354560,8.900093,-2.218372,1.105270,1,solvay5320,5.202680,1.727753,32.295457
908,1.354560,7.210384,-2.218372,1.105235,1,solvay5320,5.223062,1.724736,33.060072
909,1.354560,5.841777,-2.218372,1.105236,1,solvay5320,5.302253,1.725693,35.750353
910,1.354560,4.732869,-2.218372,1.105271,1,solvay5320,5.251483,1.725065,34.001965
911,1.354560,3.834374,-2.218372,1.105271,1,solvay5320,5.382198,1.728367,38.622340
912,1.354560,3.106510,-2.218372,1.105237,1,solvay5320,5.502059,1.748284,42.681889
913,1.354560,2.516717,-2.218372,1.105270,1,solvay5320,5.642783,1.726709,50.202979
914,1.354560,2.038963,-2.218372,1.105270,1,solvay5320,5.874502,1.753372,61.628832
915,1.354560,1.651852,-2.218372,1.105270,1,solvay5320,6.470995,1.826046,104.058051
916,1.354560,1.338264,-2.218372,1.105270,1,solvay5320,6.546965,1.736172,122.828997
917,1.354560,1.084206,-2.218372,1.105271,1,solvay5320,6.824906,1.736172,162.184369
918,1.347052,0.878378,-2.218372,1.105271,1,solvay5320,7.749313,1.823627,374.535304
919,1.347052,0.711627,-2.218372,1.105268,1,solvay5320,8.945185,1.995752,1042.558567
920,1.347052,0.576533,-2.218372,1.105268,1,solvay5320,10.480703,2.236469,3805.619206
921,1.354560,0.467149,-2.218372,1.105239,1,solvay5320,11.177568,2.531657,5686.843598
922,1.347052,0.378396,-2.218372,1.105266,2,solvay5320,14.985753,2.864518,183732.290492
923,0.601862,9.646807,-4.236757,1.905673,1,torayBT250E,5.320044,1.533176,44.117991
924,0.601862,7.815744,-4.236757,1.905678,1,torayBT250E,5.316676,1.528872,44.159334
925,0.601862,6.331986,-4.236757,1.905678,1,torayBT250E,5.364076,1.530238,46.239687
926,0.601862,5.129919,-4.236757,1.905677,1,torayBT250E,5.497775,1.529336,52.901891
927,0.601862,4.156161,-4.236757,1.905674,1,torayBT250E,5.655259,1.534056,61.633332
928,0.601862,3.367056,-4.236757,1.905678,1,torayBT250E,5.886821,1.562365,75.524435
929,0.601862,2.727828,-4.236757,1.905678,1,torayBT250E,6.346670,1.531683,123.345149
930,0.601862,2.209954,-4.236757,1.905677,1,torayBT250E,7.217740,1.569553,283.776577
931,0.601862,1.790429,-4.236757,1.905678,1,torayBT250E,7.552994,1.670681,358.637786
932,0.597459,1.450531,-4.236757,1.905678,1,torayBT250E,8.880625,1.543289,1536.613239
933,0.597459,1.175167,-4.236757,1.905684,1,torayBT250E,11.256532,1.543288,16535.157432
934,0.593647,0.952069,-4.236757,1.905681,2,torayBT250E,15.363830,1.667583,887573.807885
935,0.593647,0.771331,-4.236757,1.905682,2,torayBT250E,21.403498,1.897041,296173893.626562
936,0.590348,0.608772,-4.236757,1.903310,3,torayBT250E,32.078443,2.239146,9100016103579.572266
937,0.587346,0.506220,-4.236757,1.905699,4,torayBT250E,44.302872,2.547088,1362406710613468160.000000
938,0.587346,0.410140,-4.236757,1.905704,4,torayBT250E,62.378263,2.924057,66165779675424957690544128.000000
939,0.584642,0.332287,-4.236757,1.905679,5,torayBT250E,88.333026,3.317660,8350346937019276231976215938615738368.000000
940,0.584642,0.269205,-4.236757,1.905678,5,torayBT250E,118.230326,3.721729,53759082640707473092862834834209746373370997374976.000000
941,0.450817,10.456484,-3.361911,3.010392,1,solvay5320,4.771828,1.595397,23.961089
942,0.450817,8.471443,-3.361911,3.010390,1,solvay5320,4.800997,1.590635,24.788047
943,0.450817,6.863190,-3.361911,3.010392,1,solvay5320,4.871366,1.592144,26.555104
944,0.450817,5.548194,-3.361911,3.010335,1,solvay5320,4.973797,1.591277,29.444879
945,0.450817,4.504668,-3.361911,3.010391,1,solvay5320,5.111566,1.596354,33.623045
946,0.450817,3.649410,-3.361911,3.010380,1,solvay5320,5.452705,1.627576,45.838721
947,0.447489,2.956672,-3.361911,3.010392,1,solvay5320,5.712093,1.592388,61.541073
948,0.447489,2.395371,-3.361911,3.010392,1,solvay5320,6.644422,1.634169,149.942672
949,0.447489,1.940628,-3.361911,3.010392,1,solvay5320,7.049218,1.745000,201.183667
950,0.447489,1.572230,-3.361911,3.010393,1,solvay5320,7.865003,1.607290,522.023597
951,0.447489,1.273807,-3.361911,3.010395,1,solvay5320,9.732227,1.607270,3377.723485
952,0.447489,1.031931,-3.361911,3.010392,1,solvay5320,12.917168,1.745000,71123.107223
953,0.444608,0.836000,-3.361911,3.010400,2,solvay5320,18.171918,1.991472,10643351.911005
954,0.442091,0.677271,-3.361911,3.010483,3,solvay5320,26.023287,2.311159,19863068069.298901
955,0.442091,0.548731,-3.361911,3.010392,3,solvay5320,36.903164,2.674435,733412128539548.375000
956,0.442091,0.444565,-3.361911,3.010413,3,solvay5320,51.399457,3.062153,983160254072364466176.000000
957,0.439845,0.360163,-3.361911,3.010393,4,solvay5320,72.960993,3.463412,1522004417228574379228419588096.000000
958,0.437800,0.291822,-3.361911,3.010446,5,solvay5320,101.269431,3.872321,1990799785693830202324957744092600061657088.000000
959,0.437800,0.236385,-3.361911,3.010392,5,solvay5320,129.650943,4.286375,2787020375187391382212144886158418158617440825756352512.000000
960,0.434149,0.191517,-3.361911,3.010394,8,solvay5320,180.282657,4.702691,17922978033123082770065137523045805917165614511037949385362709430519052894208.000000
961,0.954945,7.603164,-1.867410,3.233888,1,hexcelIM7,5.320914,1.800591,33.795336
962,0.936608,9.182077,-1.867410,4.535106,1,hexcelIM7,5.727570,1.883826,46.700004
963,0.954859,7.437425,-1.867410,3.240870,1,hexcelIM7,5.330993,1.798240,34.218037
964,0.954861,6.026335,-1.867410,3.240653,1,hexcelIM7,5.988251,1.799697,65.927377
965,0.954861,4.882464,-1.867410,3.240653,1,hexcelIM7,5.491481,1.817989,39.389196
966,0.895003,3.955620,-1.867410,4.047543,1,hexcelIM7,5.908276,1.861264,57.226196
967,0.894972,3.204707,-1.867410,4.048351,1,hexcelIM7,6.175262,1.844305,76.016991
968,0.894972,2.596326,-1.867410,4.048351,1,hexcelIM7,6.534917,1.867303,106.443466
969,0.954871,1.638948,-1.867410,3.239910,1,hexcelIM7,7.245985,1.820400,227.144249
970,0.895162,1.585834,-1.867410,4.043374,1,hexcelIM7,7.884038,1.842233,420.651569
971,0.936607,1.380569,-1.867410,4.535167,1,hexcelIM7,8.560475,1.899612,781.224588
972,0.954875,1.118334,-1.867410,3.239537,1,hexcelIM7,8.174928,1.879500,542.087639
973,0.936603,0.906151,-1.867410,4.535426,1,hexcelIM7,10.158429,2.244502,2735.111168
974,0.954861,0.734135,-1.867410,3.240653,1,hexcelIM7,9.649840,2.333791,1504.249532
975,1.279171,7.389020,-3.980655,6.639478,1,solvay5320,8.396327,2.105288,539.713932
976,1.230088,5.986264,-3.980655,6.639446,1,solvay5320,8.567743,2.093196,648.425575
977,1.230086,4.849847,-3.980655,6.639507,1,solvay5320,8.878809,2.079038,897.641632
978,1.230086,3.929142,-3.980655,6.639506,1,solvay5320,9.153619,2.116146,1138.506423
979,1.230086,3.183225,-3.980655,6.639507,1,solvay5320,9.974508,2.080581,2680.951660
980,1.230086,2.578915,-3.980655,6.639506,1,solvay5320,11.105663,2.165334,7633.710830
981,1.230087,2.089380,-3.980655,6.639467,1,solvay5320,11.693228,2.148926,13964.894276
982,1.230088,1.692623,-3.980655,6.639433,1,solvay5320,13.620579,2.078396,102968.948867
983,1.230093,1.371282,-3.980655,6.639204,1,solvay5320,17.245613,2.128602,3674806.824835
984,1.182330,1.111002,-3.980655,6.639498,2,solvay5320,23.507073,2.281177,1653063778.880639
985,1.134820,0.900087,-3.980655,6.639501,3,solvay5320,33.151640,2.526484,19968070551066.910156
986,1.134820,0.729213,-3.980655,6.639509,3,solvay5320,46.971029,2.843052,14606192708377505792.000000
987,1.134820,0.590778,-3.980655,6.639501,3,solvay5320,65.916816,3.198966,1729881526860110006998532096.000000
988,1.085452,0.478650,-3.980655,6.639393,4,solvay5320,95.388303,3.576395,7471455576821557919258090854285538492416.000000
989,1.383581,7.388571,-2.484520,0.426730,8,solvay5320,4.836270,1.641300,24.409449
990,0.339133,2.582619,-1.543382,7.902225,1,torayBT250E,4.167489,2.039202,8.400464
991,0.580475,7.576111,-4.598616,0.105166,1,solvay5320,3.455569,1.186563,9.669784
992,0.580475,6.137848,-4.598616,0.105166,1,solvay5320,3.460799,1.182803,9.757105
993,0.580475,4.972629,-4.598616,0.105166,1,solvay5320,3.479836,1.183994,9.932796
994,0.580475,4.028692,-4.598616,0.105146,1,solvay5320,3.505362,1.183201,10.197685
995,0.580475,3.263775,-4.598616,0.105166,1,solvay5320,3.546165,1.187319,10.578741
996,0.580475,2.644195,-4.598616,0.105166,1,solvay5320,3.742657,1.212064,12.560950
997,0.580475,2.142211,-4.598616,0.105145,1,solvay5320,3.717247,1.185249,12.578611
998,0.580475,1.735535,-4.598616,0.105170,1,solvay5320,4.007977,1.218355,16.274869
999,0.580475,1.406060,-4.598616,0.105146,1,solvay5320,4.346932,1.307509,20.893179
1000,0.580475,1.139134,-4.598616,0.105143,1,solvay5320,4.271156,1.197021,21.631156
1001,0.580475,0.922886,-4.598616,0.105144,1,solvay5320,4.604681,1.197013,30.194744
1002,0.580475,0.747567,-4.598616,0.105171,1,solvay5320,5.381378,1.307620,58.777442
1003,0.580475,0.605731,-4.598616,0.105164,1,solvay5320,6.665377,1.512914,172.856672
1004,0.580475,0.490737,-4.598616,0.105146,1,solvay5320,8.563689,1.790228,874.332907
1005,0.580475,0.397576,-4.598616,0.105166,1,solvay5320,11.227997,2.117554,9049.306577
1006,0.580394,0.260951,-4.598616,0.105171,3,solvay5320,25.317086,2.859830,5663204939.645113
1007,0.580394,0.211412,-4.598616,0.105170,3,solvay5320,35.537938,3.255494,104733887600398.703125
1008,0.580394,0.171277,-4.598616,0.105171,3,solvay5320,50.204030,3.660045,163604739670234562560.000000
1009,0.580357,0.138759,-4.598616,0.105173,5,solvay5320,73.938875,4.070390,2205450405840832271110107037696.000000
1010,1.452820,8.211567,-3.269640,0.525114,1,solvay5320,5.297058,1.684551,37.058838
1011,1.452819,6.652742,-3.269640,0.525305,1,solvay5320,5.315743,1.681894,37.858253
1012,1.452819,5.389771,-3.269640,0.525339,1,solvay5320,5.357381,1.682749,39.434158
1013,1.452820,4.366570,-3.269640,0.525106,1,solvay5320,5.414567,1.682152,41.779893
1014,1.452819,3.537606,-3.269640,0.525305,1,solvay5320,5.500988,1.685118,45.416245
1015,1.452820,2.866052,-3.269640,0.525108,1,solvay5320,5.719429,1.702806,55.513319
1016,1.452820,2.322155,-3.269640,0.525139,1,solvay5320,5.788277,1.683629,60.621390
1017,1.452819,1.881121,-3.269640,0.525305,1,solvay5320,6.172455,1.707376,86.927873
1018,1.452820,1.524001,-3.269640,0.525105,1,solvay5320,6.614440,1.772383,126.729730
1019,1.452820,1.234686,-3.269640,0.525108,1,solvay5320,6.732941,1.692035,154.610016
1020,1.452820,1.000293,-3.269640,0.525106,1,solvay5320,7.292715,1.692020,270.614475
1021,1.452819,0.810395,-3.269640,0.525339,1,solvay5320,8.330745,1.772402,705.102503
1022,1.452820,0.656553,-3.269640,0.525111,1,solvay5320,9.864659,1.927853,2798.407831
1023,1.452839,0.532347,-3.269640,0.520667,1,solvay5320,11.868360,2.146515,16677.983812
1024,1.449804,0.430917,-3.269640,0.525331,2,solvay5320,17.362954,2.424779,3073032.007790
1025,1.448650,0.349120,-3.269640,0.525345,3,solvay5320,23.070106,2.743022,672884353.574567
1026,1.448650,0.282842,-3.269640,0.525345,3,solvay5320,30.114072,3.093049,543352123108.041138
1027,1.448650,0.229147,-3.269640,0.525336,3,solvay5320,39.382080,3.465712,3965340399911986.000000
1028,1.448650,0.185646,-3.269640,0.525336,3,solvay5320,51.620585,3.854187,555498739812448862208.000000
1029,1.447653,0.150407,-3.269640,0.525303,4,solvay5320,70.327425,4.253386,49612421799759765988580524032.000000
1030,1.369536,8.900451,-3.191463,1.105277,1,solvayMTM45,5.473142,1.733066,42.101173
1031,1.369536,7.210819,-3.191463,1.105274,1,solvayMTM45,5.493556,1.730064,43.098663
1032,1.369536,5.841910,-3.191463,1.105276,1,solvayMTM45,5.542577,1.731015,45.221004
1033,1.369536,4.732853,-3.191463,1.105373,1,solvayMTM45,5.613543,1.730400,48.576657
1034,1.369536,3.834372,-3.191463,1.105272,1,solvayMTM45,5.717442,1.733672,53.719169
1035,1.369536,3.106446,-3.191463,1.105273,1,solvayMTM45,5.986991,1.753497,68.957759
1036,1.369536,2.516749,-3.191463,1.105291,1,solvayMTM45,6.092532,1.732026,78.296777
1037,1.369536,2.038771,-3.191463,1.105277,1,solvayMTM45,6.603469,1.758579,127.089253
1038,1.369536,1.651835,-3.191463,1.105291,1,solvayMTM45,7.066034,1.830853,187.763041
1039,1.369536,1.338265,-3.191463,1.105273,1,solvayMTM45,7.400608,1.741436,286.911016
1040,1.369536,1.084204,-3.191463,1.105292,1,solvayMTM45,8.270963,1.741439,685.072016
1041,1.365070,0.878379,-3.191463,1.105339,1,solvayMTM45,10.164993,1.829441,4169.501075
1042,1.365070,0.711627,-3.191463,1.105339,1,solvayMTM45,12.713848,2.000656,44944.873652
1043,1.361302,0.576534,-3.191463,1.105068,2,solvayMTM45,16.796451,2.239442,2099077.896335
1044,1.361302,0.467107,-3.191463,1.105071,2,solvayMTM45,21.739184,2.532801,219394760.017935
1045,1.361302,0.378400,-3.191463,1.105067,3,solvayMTM45,27.842906,2.866042,70358116808.466125
1046,1.358080,0.306560,-3.191463,1.105033,3,solvayMTM45,37.324392,3.227206,643012967739103.750000
1047,1.358080,0.248367,-3.191463,1.105033,3,solvayMTM45,47.059838,3.608286,7426244493458317312.000000
1048,1.358075,0.201219,-3.191463,1.105224,4,solvayMTM45,58.637211,4.002807,533851383215387752529920.000000
1049,0.835872,9.647664,-3.815556,1.905677,1,victrexAE,5.160408,1.629428,34.157413
1050,0.835872,7.815829,-3.815556,1.905678,1,victrexAE,5.174333,1.625506,34.772508
1051,0.835872,6.331858,-3.815556,1.905677,1,victrexAE,5.229050,1.626748,36.682587
1052,0.835872,5.129901,-3.815556,1.905678,1,victrexAE,5.308756,1.625928,39.758681
1053,0.835872,4.156033,-3.815556,1.905678,1,victrexAE,5.414185,1.630209,43.990580
1054,0.835872,3.367044,-3.815556,1.905678,1,victrexAE,5.698881,1.655962,56.992467
1055,0.835872,2.727838,-3.815556,1.905678,1,victrexAE,5.923028,1.628059,73.329908
1056,0.835872,2.209981,-3.815556,1.905678,1,victrexAE,6.725054,1.662503,157.992995
1057,0.835872,1.790663,-3.815556,1.905678,1,victrexAE,7.057961,1.755166,200.897530
1058,0.832342,1.450477,-3.815556,1.905679,1,victrexAE,7.830094,1.638933,488.412908
1059,0.832342,1.175159,-3.815556,1.905678,1,victrexAE,9.510854,1.638943,2622.571712
1060,0.832342,0.952064,-3.815556,1.905678,1,victrexAE,12.384164,1.753842,41370.432778
1061,0.829323,0.771322,-3.815556,1.905679,2,victrexAE,17.113192,1.965375,3789774.041952
1062,0.826714,0.624894,-3.815556,1.905684,3,victrexAE,24.240762,2.249711,3552974311.106956
1063,0.822327,0.506264,-3.815556,1.905687,5,victrexAE,34.947410,2.583080,113671039427796.562500
1064,0.822327,0.410183,-3.815556,1.905728,5,victrexAE,49.966511,2.948808,262741702782121443328.000000
1065,0.822328,0.331989,-3.815556,1.905659,5,victrexAE,70.648577,3.336413,171120164764476349133629685760.000000
1066,0.822327,0.269189,-3.815556,1.905718,5,victrexAE,97.025120,3.733294,32818975954747012416782309149305963806720.000000
1067,0.822327,0.218098,-3.815556,1.905687,5,victrexAE,127.697129,4.139618,457451593143094281531882000696091707702741957808750592.000000
1068,0.820423,0.176694,-3.815556,1.905679,9,victrexAE,172.135416,4.551141,6038455310791479245887987507586863538600403138483665550282809270553542656.000000
1069,1.411504,10.377770,-2.220149,2.201882,1,solvay5320,5.662849,1.857629,44.935157
1070,1.396058,8.471373,-2.220149,3.010397,1,solvay5320,5.990297,1.916533,58.777779
1071,1.411487,6.863000,-2.220149,2.202850,1,solvay5320,5.721834,1.857392,47.676673
1072,1.396052,5.560206,-2.220149,3.010664,1,solvay5320,6.122367,1.916922,67.050397
1073,1.396052,4.504699,-2.220149,3.010665,1,solvay5320,6.235456,1.920681,74.796783
1074,1.411483,3.649502,-2.220149,2.203083,1,solvay5320,5.978080,1.866754,61.027582
1075,1.351290,2.956677,-2.220149,2.887364,1,solvay5320,6.472293,1.897137,97.043135
1076,1.411484,2.395510,-2.220149,2.203044,1,solvay5320,6.443955,1.870304,96.897269
1077,1.396052,1.940429,-2.220149,3.010660,1,solvay5320,7.669385,2.031110,280.977565
1078,1.396052,1.572163,-2.220149,3.010661,1,solvay5320,8.004074,1.929554,434.641027
1079,1.411487,1.273727,-2.220149,2.202850,1,solvay5320,7.760283,1.859344,365.380523
1080,1.411483,1.031932,-2.220149,2.203083,1,solvay5320,8.355275,1.930908,616.690307
1081,1.411504,0.836088,-2.220149,2.201846,1,solvay5320,9.119370,2.092158,1126.884368
1082,1.396052,0.677339,-2.220149,3.010669,1,solvay5320,11.029127,2.484303,5140.077993
1083,1.411484,0.548747,-2.220149,2.203044,1,solvay5320,10.996706,2.621843,4336.674701
