,rho_0,xi,gamma,log10(zeta),eig_FEA
0,7.388991,0.999920,0.105180,-3.418658,5.592165
1,5.986281,0.999920,0.105181,-3.418658,5.612660
2,4.849845,0.999920,0.105180,-3.418658,5.668951
3,3.929150,0.999920,0.105180,-3.418658,5.741052
4,3.183244,0.999920,0.105180,-3.418658,5.895325
5,2.578913,0.999920,0.105172,-3.418658,6.098721
6,2.089278,0.999920,0.105173,-3.418658,6.584305
7,1.692679,0.999920,0.105172,-3.418658,6.868108
8,1.371335,0.999920,0.105180,-3.418658,7.511939
9,1.111003,0.999920,0.105173,-3.418658,8.781289
10,0.900088,0.999920,0.105173,-3.418658,11.088179
11,0.729216,0.999920,0.105180,-3.418658,15.081756
12,0.590779,0.999920,0.105172,-3.418658,21.591217
13,0.478634,0.999920,0.105173,-3.418658,31.491005
14,0.387760,0.999920,0.105172,-3.418658,44.991360
15,0.314145,0.999920,0.105180,-3.418658,63.653672
16,0.254508,0.999756,0.105177,-3.418658,93.264698
17,0.206192,0.999756,0.105177,-3.418658,136.845569
18,0.167048,0.999756,0.105177,-3.418658,196.333009
19,7.388993,0.998290,0.525349,-2.354828,5.581092
20,5.986297,0.998290,0.525348,-2.354828,5.588775
21,4.849847,0.998290,0.525348,-2.354828,5.646233
22,3.929144,0.998290,0.525348,-2.354828,5.726201
23,3.183243,0.998290,0.525349,-2.354828,5.846418
24,2.578922,0.998290,0.525348,-2.354828,6.092388
25,2.089073,0.998290,0.525349,-2.354828,6.521529
26,1.692587,0.998290,0.525356,-2.354828,6.818262
27,1.371341,0.998290,0.525347,-2.354828,7.510998
28,1.111003,0.998290,0.525348,-2.354828,8.860371
29,0.900088,0.998290,0.525348,-2.354828,11.301079
30,0.729213,0.998290,0.525347,-2.354828,15.463945
31,0.590811,0.998290,0.525357,-2.354828,21.956927
32,0.478677,0.998290,0.525350,-2.354828,53.328060
33,0.387759,0.998290,0.525348,-2.354828,42.449966
34,0.314145,0.998290,0.525349,-2.354828,57.664910
35,7.389054,0.995494,1.105272,-2.715627,5.857572
36,5.986297,0.995494,1.105272,-2.715627,5.872452
37,4.849847,0.995494,1.105272,-2.715627,5.934337
38,3.929142,0.995494,1.105272,-2.715627,6.092023
39,3.183315,0.995494,1.105289,-2.715627,6.189403
40,2.578922,0.995494,1.105272,-2.715627,6.583620
41,2.089277,0.995494,1.105272,-2.715627,6.930603
42,1.692665,0.995494,1.105275,-2.715627,7.360947
43,1.371311,0.995494,1.105288,-2.715627,8.347957
44,1.111002,0.995494,1.105275,-2.715627,10.178122
45,0.900088,0.995494,1.105272,-2.715627,13.411799
46,0.729214,0.985724,1.105273,-2.715627,21.619236
47,0.590810,0.981856,1.105345,-2.715627,30.252943
48,0.478664,0.981857,1.105291,-2.715627,41.073502
49,0.387727,0.985723,1.105318,-2.715627,54.589476
50,7.388993,0.996365,1.905687,-4.616559,6.511755
51,5.986201,0.996365,1.905723,-4.616559,6.545463
52,4.849847,0.996365,1.905678,-4.616559,6.591021
53,3.929181,0.996365,1.905723,-4.616559,6.723371
54,3.183315,0.996365,1.905724,-4.616559,6.965032
55,2.578923,0.996365,1.905679,-4.616559,7.517468
56,2.089278,0.996365,1.905679,-4.616559,7.732294
57,1.692586,0.996365,1.905722,-4.616559,8.493762
58,1.371311,0.996365,1.905723,-4.616559,10.080621
59,1.111003,0.997454,0.908121,-4.616559,13.192587
60,0.900089,0.997455,0.908108,-4.616559,18.505608
61,0.729213,0.984744,1.737891,-4.616559,35.408087
62,0.590784,0.979830,1.905301,-4.616559,51.381032
63,0.478664,0.979830,1.905302,-4.616559,73.348665
64,0.387753,0.979830,1.905298,-4.616559,105.054752
65,0.314145,0.977487,1.905585,-4.616559,150.762055
66,0.254506,0.977494,1.905208,-4.616559,206.678418
67,0.206192,0.977486,1.905660,-4.616559,282.910863
68,0.167049,0.977487,1.905586,-4.616559,406.814137
69,0.135335,0.973288,1.905676,-4.616559,604.658248
70,7.389043,0.991423,3.010392,-4.335950,6.683718
71,5.986200,0.991423,3.010388,-4.335950,6.733146
72,4.849845,0.991423,3.010391,-4.335950,6.856010
73,3.929143,0.991423,3.010392,-4.335950,6.973900
74,3.183243,0.991423,3.010391,-4.335950,7.351939
75,2.578916,0.991423,3.010392,-4.335950,7.819338
76,2.088918,0.981087,3.010378,-4.335950,8.887352
77,1.692580,0.972037,3.010403,-4.335950,11.036743
78,1.371310,0.972037,3.010408,-4.335950,14.673417
79,1.111001,0.972037,3.010396,-4.335950,20.629567
80,0.453378,0.954134,2.865887,-4.335950,93.736830
81,0.451774,0.947687,2.893157,-4.335950,97.083684
82,0.451471,0.946195,2.942123,-4.335950,97.996554
83,0.451084,0.944568,2.994785,-4.335950,98.994221
84,0.387759,0.944081,3.010393,-4.335950,126.974122
85,0.314097,0.950234,3.010593,-4.335950,162.118792
86,0.254508,0.987733,1.106913,-4.335950,171.690936
87,0.206192,0.932765,3.010392,-4.335950,354.384511
88,0.135336,0.932765,3.010410,-4.335950,695.339391
89,7.388675,0.922380,4.535117,-1.712123,7.511836
90,5.986277,0.922380,4.535113,-1.712123,7.931397
91,4.849843,0.922380,4.535115,-1.712123,8.006212
92,2.078244,0.930571,4.257696,-1.712123,9.417544
93,3.183224,0.385006,4.535119,-1.712123,6.724551
94,2.578918,0.777755,4.535117,-1.712123,8.370731
95,2.089328,0.385005,4.535109,-1.712123,5.927332
96,1.692639,0.777764,4.535048,-1.712123,11.246612
97,1.371331,0.777757,4.535101,-1.712123,13.236733
98,1.110973,0.600641,3.413268,-1.712123,8.833386
99,0.900080,0.600627,3.413268,-1.712123,10.414601
100,0.729213,0.598111,4.001869,-1.712123,12.044180
101,7.388716,0.967083,6.639343,-4.144278,7.359492
102,5.986182,0.923102,6.639376,-4.144278,7.618389
103,4.849847,0.923099,6.639504,-4.144278,7.760031
104,3.929148,0.923100,6.639487,-4.144278,8.200724
105,3.183240,0.923100,6.639488,-4.144278,8.801583
106,2.578947,0.923100,6.639493,-4.144278,9.439385
107,2.089556,0.878964,6.639614,-4.144278,11.385833
108,1.692542,0.878975,6.639296,-4.144278,14.960467
109,1.371333,0.878969,6.639481,-4.144278,20.968446
110,1.110989,0.833049,6.639363,-4.144278,30.678406
111,0.900087,0.781622,6.639349,-4.144278,42.861174
112,0.729214,0.715239,6.639466,-4.144278,60.450919
113,0.590778,0.715233,6.639508,-4.144278,86.389716
114,0.478623,0.587249,6.540182,-4.144278,123.349071
115,0.387775,0.587671,6.159254,-4.144278,171.063695
116,0.314147,0.588208,5.850364,-4.144278,236.995648
117,0.206191,0.588219,5.850364,-4.144278,397.727003
118,7.388903,0.585783,8.874908,-3.804057,7.385171
119,5.986232,0.585740,8.874908,-3.804057,7.629958
120,4.849743,0.585656,8.874908,-3.804057,7.849275
121,3.929137,0.585715,8.874908,-3.804057,8.554123
122,3.183226,0.585733,8.874908,-3.804057,9.004277
123,2.578915,0.585737,8.874908,-3.804057,10.026904
124,2.089353,0.585685,8.874908,-3.804057,12.307236
125,1.677000,0.606342,8.863313,-3.804057,16.773428
126,1.371320,0.586657,7.562911,-3.804057,22.048262
127,1.110972,0.586602,7.562911,-3.804057,30.930375
128,0.900087,0.606857,6.164324,-3.804057,39.611621
129,0.729213,0.606856,6.164324,-3.804057,54.730822
130,0.386833,0.694621,5.532849,-3.804057,145.117937
131,0.376681,0.658683,5.654470,-3.804057,151.003650
132,0.362604,0.610345,5.402429,-3.804057,162.725331
133,0.314139,0.589921,5.138690,-3.804057,202.796542
134,7.388915,0.585921,9.799661,-3.403018,7.563702
135,5.985964,0.585943,9.799661,-3.403018,7.827565
136,4.849844,0.585912,9.799661,-3.403018,7.913444
137,3.929141,0.585911,9.799661,-3.403018,8.521574
138,3.183246,0.588371,6.489688,-3.403018,8.224334
139,0.431239,0.863504,3.747538,-3.403018,92.213687
140,0.431187,0.863437,3.748444,-3.403018,92.239062
141,0.431203,0.863267,3.750732,-3.403018,92.254154
142,0.431140,0.863418,3.748691,-3.403018,92.257323
143,0.430493,0.864055,3.740093,-3.403018,92.395910
144,0.431147,0.863265,3.750756,-3.403018,92.273373
145,0.431162,0.863269,3.750695,-3.403018,92.267574
146,7.387418,0.980415,1.303489,-3.057503,5.879775
147,5.986300,0.980413,1.303578,-3.057503,5.946896
148,4.849847,0.980413,1.303578,-3.057503,6.044312
149,2.120956,0.970352,1.511711,-3.057503,7.409039
150,2.120040,0.970357,1.511546,-3.057503,7.410123
151,2.121009,0.970344,1.511972,-3.057503,7.409118
152,2.087078,0.970341,1.512042,-3.057503,7.455858
153,1.692579,0.970341,1.512042,-3.057503,8.385779
154,1.371335,0.970341,1.512058,-3.057503,10.299347
155,0.454451,0.958724,1.699264,-3.057503,56.811904
156,0.454199,0.958737,1.698939,-3.057503,56.857255
157,0.454303,0.958717,1.699431,-3.057503,56.842197
158,0.453747,0.958737,1.698946,-3.057503,56.945000
159,0.453732,0.958718,1.699406,-3.057503,56.952695
160,0.387723,0.958715,1.699498,-3.057503,72.982198
161,0.314145,0.958714,1.699516,-3.057503,102.354013
162,7.389044,0.999948,0.105161,-4.284164,5.655154
163,5.986297,0.999948,0.105162,-4.284164,5.667974
164,4.849845,0.999948,0.105130,-4.284164,5.728726
165,3.929149,0.999948,0.105127,-4.284164,5.795967
166,3.183243,0.999948,0.105132,-4.284164,5.941734
167,2.578923,0.999948,0.105162,-4.284164,6.162789
168,2.089089,0.999948,0.105129,-4.284164,6.639007
169,1.692665,0.999948,0.105130,-4.284164,6.928314
170,1.371335,0.999948,0.105130,-4.284164,7.608942
171,1.111003,0.999948,0.105162,-4.284164,8.968103
172,0.900088,0.999948,0.105162,-4.284164,11.411888
173,0.729214,0.999948,0.105163,-4.284164,15.622952
174,0.590784,0.999948,0.105130,-4.284164,22.443200
175,0.478677,0.999948,0.105129,-4.284164,32.695500
176,0.387759,0.999948,0.105162,-4.284164,46.509309
177,0.314145,0.999948,0.105132,-4.284164,65.871884
178,0.254508,0.999736,0.105170,-4.284164,101.205403
179,0.206192,0.999736,0.105170,-4.284164,147.190193
180,0.167048,0.999736,0.105170,-4.284164,213.595427
181,0.135335,0.999683,0.105171,-4.284164,310.578514
182,7.389044,0.998929,0.525343,-3.246919,5.726639
183,5.986281,0.998929,0.525327,-3.246919,5.748723
184,4.849844,0.998929,0.525327,-3.246919,5.838446
185,3.929150,0.998929,0.525327,-3.246919,5.928518
186,3.183244,0.998929,0.525328,-3.246919,6.061879
187,2.578924,0.998929,0.525346,-3.246919,6.367742
188,2.089280,0.998929,0.525345,-3.246919,6.797291
189,1.692667,0.998929,0.525330,-3.246919,7.143914
190,1.371341,0.998929,0.525347,-3.246919,7.996655
191,1.110996,0.998929,0.525248,-3.246919,9.642889
192,0.900093,0.998929,0.525248,-3.246919,12.611095
193,0.729214,0.998929,0.525343,-3.246919,17.675365
194,0.590778,0.998929,0.525342,-3.246919,25.654186
195,0.478633,0.998929,0.525345,-3.246919,36.739924
196,0.387760,0.998929,0.525347,-3.246919,82.114001
197,0.314146,0.996668,0.525347,-3.246919,76.017192
198,0.254509,0.996668,0.525347,-3.246919,111.090540
199,0.206192,0.994372,0.525347,-3.246919,161.547283
200,7.388993,0.995902,1.105279,-2.890896,5.897064
201,5.986300,0.995902,1.105272,-2.890896,5.912166
202,4.849847,0.995902,1.105273,-2.890896,5.974907
203,3.929142,0.995902,1.105272,-2.890896,6.124457
204,3.183243,0.995902,1.105279,-2.890896,6.237124
205,2.578922,0.995902,1.105274,-2.890896,6.649274
206,2.089278,0.995902,1.105273,-2.890896,6.990987
207,1.692681,0.995902,1.105273,-2.890896,7.438578
208,1.371341,0.995902,1.105272,-2.890896,8.468049
209,1.111003,0.995902,1.105272,-2.890896,10.379798
210,0.900088,0.995902,1.105272,-2.890896,13.749048
211,0.729228,0.987022,1.105396,-2.890896,22.694748
212,0.590810,0.983510,1.105504,-2.890896,31.836790
213,0.478631,0.983515,1.105282,-2.890896,43.249660
214,0.387727,0.987022,1.105392,-2.890896,57.424523
215,0.314147,0.987024,1.105277,-2.890896,81.396659
216,7.388739,0.995403,1.905675,-4.198963,6.354236
217,5.986297,0.995403,1.905678,-4.198963,6.391647
218,4.849846,0.995403,1.905678,-4.198963,6.444912
219,3.929143,0.995403,1.905678,-4.198963,6.607908
220,3.183228,0.995403,1.905678,-4.198963,6.829419
221,2.578956,0.995403,1.905678,-4.198963,7.416289
222,2.089056,0.995403,1.905675,-4.198963,7.623838
223,1.692665,0.995403,1.905677,-4.198963,8.344826
224,1.371335,0.995403,1.905677,-4.198963,9.876895
225,1.110966,0.985274,1.905763,-4.198963,16.776827
226,0.900089,0.985275,1.905682,-4.198963,23.911280
227,0.729290,0.981210,1.905813,-4.198963,34.427996
228,0.590809,0.977604,1.905716,-4.198963,48.255914
229,0.478630,0.974340,1.905681,-4.198963,69.605886
230,0.387727,0.994473,0.670290,-4.198963,69.140512
231,0.314137,0.971340,1.905726,-4.198963,143.405382
232,0.254508,0.971341,1.905678,-4.198963,199.645820
233,0.206192,0.971341,1.905678,-4.198963,272.716578
234,0.167048,0.968553,1.905680,-4.198963,395.696368
235,0.099697,0.994479,0.669883,-4.198963,728.834087
236,7.388731,0.984736,3.010467,-3.323650,6.484596
237,5.986300,0.984736,3.010392,-3.323650,6.543795
238,4.849847,0.984736,3.010392,-3.323650,6.622209
239,3.929142,0.984736,3.010392,-3.323650,6.776247
240,3.183226,0.996165,1.233746,-3.323650,6.372671
241,2.136991,0.984829,2.998704,-3.323650,7.837403
242,2.086677,0.965874,3.010353,-3.323650,8.437965
243,1.692660,0.948860,3.010447,-3.323650,10.158167
244,1.371334,0.946751,2.640648,-3.323650,12.667897
245,1.111001,0.946751,2.640647,-3.323650,17.413941
246,0.900088,0.946751,2.640647,-3.323650,24.618648
247,0.729216,0.946751,2.640647,-3.323650,34.038316
248,0.590807,0.946770,2.640105,-3.323650,45.665767
249,0.478630,0.921786,2.952187,-3.323650,67.553478
250,0.387751,0.921848,2.950875,-3.323650,93.872238
251,0.314146,0.921786,2.952176,-3.323650,126.369854
252,0.254508,0.921786,2.952179,-3.323650,174.740405
253,0.206192,0.921829,2.951264,-3.323650,250.033043
254,7.388704,0.952591,4.534946,-2.505907,6.510717
255,5.986300,0.952588,4.535108,-2.505907,6.567527
256,4.849847,0.952588,4.535103,-2.505907,6.685082
257,3.929142,0.952588,4.535102,-2.505907,6.814346
258,3.183225,0.883877,4.535107,-2.505907,7.394872
259,2.578944,0.883878,4.535090,-2.505907,7.746038
260,2.089373,0.883876,4.535121,-2.505907,8.451556
261,1.692641,0.802670,4.535015,-2.505907,9.992709
262,1.371340,0.802661,4.535097,-2.505907,12.587014
263,1.111003,0.802660,4.535106,-2.505907,16.251399
264,0.900087,0.802664,4.535068,-2.505907,21.297034
265,7.388983,0.934880,6.639499,-3.029315,7.067766
266,5.986271,0.829384,6.639493,-3.029315,7.156678
267,4.849725,0.299628,6.638500,-3.029315,7.042578
268,3.929142,0.829383,6.639509,-3.029315,7.697195
269,3.183285,0.829383,6.639518,-3.029315,8.300764
270,2.578914,0.299692,6.639288,-3.029315,8.430860
271,2.089332,0.299613,6.638323,-3.029315,9.582743
272,1.690522,0.616732,6.587299,-3.029315,12.804824
273,1.371341,0.589002,6.603070,-3.029315,17.004990
274,1.110972,0.590335,5.628087,-3.029315,22.208947
275,0.900086,0.590295,5.628087,-3.029315,29.474454
276,0.729213,0.588999,6.603070,-3.029315,35.421342
277,0.590778,0.588975,6.603070,-3.029315,43.623692
278,0.478624,0.588944,6.603070,-3.029315,56.205900
279,0.370096,0.635859,5.591375,-3.029315,88.073085
280,0.314145,0.590297,5.628087,-3.029315,107.598526
281,7.388918,0.755851,6.063251,-2.405787,6.638747
282,5.986116,0.755881,6.063011,-2.405787,6.755462
283,4.849837,0.755851,6.063251,-2.405787,6.874824
284,3.929143,0.755851,6.063251,-2.405787,7.036683
285,3.183229,0.594368,4.439612,-2.405787,6.935892
286,2.150030,0.996100,0.321650,-2.405787,6.439494
287,2.089041,0.996099,0.321666,-2.405787,6.473289
288,1.692585,0.996099,0.321657,-2.405787,6.839194
289,1.371341,0.996099,0.321668,-2.405787,7.603893
290,7.388930,0.590584,6.622979,-2.375938,6.538067
291,5.985972,0.590574,6.622979,-2.375938,6.653481
292,4.849828,0.590578,6.622979,-2.375938,6.766023
293,3.929119,0.590562,6.622979,-2.375938,7.012073
294,3.183229,0.590576,6.622979,-2.375938,7.523281
295,2.578916,0.590580,6.622979,-2.375938,7.864705
296,0.404474,0.759377,4.650873,-2.375938,53.176530
297,0.401379,0.747800,4.722398,-2.375938,53.530957
298,0.397879,0.734820,4.795062,-2.375938,53.912904
299,0.393889,0.720159,4.867986,-2.375938,54.326459
300,0.389296,0.703468,4.939736,-2.375938,54.777072
301,0.383959,0.684319,5.008006,-2.375938,55.271226
302,7.389043,0.999891,0.105165,-2.794234,5.531036
303,5.986281,0.999891,0.105142,-2.794234,5.553404
304,4.849847,0.999891,0.105166,-2.794234,5.623814
305,3.929150,0.999891,0.105141,-2.794234,5.674330
306,3.183243,0.999891,0.105142,-2.794234,5.829080
307,2.578922,0.999891,0.105164,-2.794234,6.015185
308,2.089281,0.999891,0.105165,-2.794234,6.498342
309,1.692681,0.999891,0.105165,-2.794234,6.766734
310,1.371335,0.999891,0.105142,-2.794234,7.360056
311,1.111003,0.999891,0.105170,-2.794234,8.531065
312,0.900088,0.999891,0.105170,-2.794234,10.675779
313,0.729216,0.999891,0.105142,-2.794234,14.407081
314,0.590779,0.999891,0.105165,-2.794234,20.495710
315,0.478633,0.999891,0.105165,-2.794234,29.723028
316,0.387759,0.999891,0.105164,-2.794234,42.213147
317,0.314147,0.999891,0.105170,-2.794234,59.007309
318,0.254508,0.999891,0.105141,-2.794234,83.818566
319,0.206192,0.999891,0.105166,-2.794234,138.877728
320,0.167048,0.999891,0.105170,-2.794234,167.952493
321,7.388740,0.999506,0.525141,-4.674602,5.987341
322,5.986295,0.999506,0.525339,-4.674602,5.981683
323,4.849848,0.999506,0.525346,-4.674602,6.022961
324,3.929144,0.999506,0.525339,-4.674602,6.165611
325,3.183243,0.999506,0.525306,-4.674602,6.254336
326,2.578923,0.999506,0.525340,-4.674602,6.626283
327,2.089081,0.999506,0.525302,-4.674602,6.984002
328,1.692587,0.999506,0.525141,-4.674602,7.376450
329,1.371311,0.999506,0.525146,-4.674602,8.337736
330,1.111003,0.999506,0.525339,-4.674602,10.198949
331,0.900088,0.999506,0.525346,-4.674602,13.481296
332,0.729229,0.999506,0.525146,-4.674602,19.040176
333,0.590812,0.999506,0.525141,-4.674602,27.609360
334,0.478678,0.999506,0.525303,-4.674602,38.954137
335,0.387759,0.999506,0.525340,-4.674602,90.403487
336,0.314146,0.997681,0.525347,-4.674602,94.542994
337,0.254508,0.997361,0.525346,-4.674602,136.335160
338,0.206192,0.997361,0.525347,-4.674602,194.286510
339,0.167048,0.996805,0.525347,-4.674602,285.398155
340,7.389043,0.997652,1.105271,-3.908294,6.018222
341,5.986202,0.997652,1.105260,-3.908294,6.039608
342,4.849848,0.997652,1.105272,-3.908294,6.102586
343,3.929150,0.997652,1.105269,-3.908294,6.290655
344,3.183228,0.997652,1.105271,-3.908294,6.404952
345,2.578956,0.997652,1.105270,-3.908294,6.888433
346,2.089279,0.997652,1.105271,-3.908294,7.182143
347,1.692681,0.997652,1.105271,-3.908294,7.688735
348,1.371335,0.997652,1.105269,-3.908294,8.872272
349,1.111003,0.997652,1.105271,-3.908294,11.052504
350,0.900088,0.997652,1.105271,-3.908294,14.893795
351,0.729214,0.990578,1.105272,-3.908294,27.552624
352,0.590778,0.990578,1.105272,-3.908294,38.063831
353,0.478632,0.987245,1.105273,-3.908294,54.399092
354,0.387753,0.987245,1.105276,-3.908294,77.510723
355,0.314138,0.987244,1.105294,-3.908294,110.694032
356,0.254508,0.987245,1.105272,-3.908294,154.549960
357,0.206192,0.987245,1.105272,-3.908294,220.462412
358,0.135341,0.988820,1.105292,-3.908294,473.071564
359,7.388735,0.989055,1.905670,-2.644607,6.051629
360,5.986200,0.989055,1.905672,-2.644607,6.075361
361,4.849847,0.989055,1.905678,-2.644607,6.137006
362,3.929142,0.989055,1.905678,-2.644607,6.313874
363,3.183314,0.989055,1.905673,-2.644607,6.448517
364,2.578916,0.989055,1.905678,-2.644607,6.975969
365,2.089009,0.989055,1.905671,-2.644607,7.214099
366,1.692684,0.989055,1.905678,-2.644607,7.767972
367,1.371340,0.989055,1.905678,-2.644607,8.959795
368,1.111001,0.964166,1.905681,-2.644607,13.150725
369,0.900088,0.964166,1.905678,-2.644607,17.799351
370,0.729285,0.953812,1.905809,-2.644607,24.947334
371,0.590808,0.953816,1.905710,-2.644607,33.691143
372,0.478656,0.964166,1.905691,-2.644607,43.440364
373,7.388723,0.973911,3.010292,-2.386439,6.188725
374,5.986300,0.973909,3.010391,-2.386439,6.223069
375,4.849846,0.973909,3.010388,-2.386439,6.283818
376,3.929142,0.973909,3.010391,-2.386439,6.440377
377,3.183242,0.973910,3.010374,-2.386439,6.655210
378,2.579109,0.973911,3.010306,-2.386439,7.154902
379,2.079239,0.940131,3.008909,-2.386439,7.701859
380,1.692569,0.940084,3.010302,-2.386439,8.701096
381,1.371304,0.907553,3.010317,-2.386439,10.736767
382,1.111003,0.907549,3.010391,-2.386439,13.712359
383,0.900088,0.907549,3.010391,-2.386439,18.132817
384,0.729214,0.940081,3.010389,-2.386439,21.765252
385,7.388729,0.982797,1.999346,-1.965385,5.661731
386,5.986198,0.982797,1.999346,-1.965385,5.676599
387,4.849833,0.982797,1.999346,-1.965385,5.729629
388,3.929179,0.982797,1.999346,-1.965385,5.881747
389,3.183313,0.982797,1.999346,-1.965385,5.984235
390,2.084196,0.936009,4.450681,-1.965385,7.116629
391,2.080285,0.933940,4.533335,-1.965385,7.133310
392,1.692567,0.933893,4.535195,-1.965385,7.678290
393,1.371307,0.933892,4.535212,-1.965385,8.677798
394,1.110995,0.317080,4.535158,-1.965385,14.498604
395,0.900086,0.317076,4.535124,-1.965385,13.583822
396,0.729213,0.595853,4.405151,-1.965385,17.358832
397,7.388718,0.967998,6.639375,-4.191537,7.378687
398,5.986182,0.925424,6.639401,-4.191537,7.638446
399,4.849824,0.925424,6.639410,-4.191537,7.780056
400,3.929142,0.925422,6.639510,-4.191537,8.226157
401,3.183240,0.925422,6.639494,-4.191537,8.821716
402,2.578947,0.925422,6.639498,-4.191537,9.465555
403,2.089372,0.882995,6.639530,-4.191537,11.434360
404,1.692544,0.883002,6.639327,-4.191537,15.034229
405,1.371302,0.882999,6.639388,-4.191537,21.086686
406,1.111002,0.839314,6.639505,-4.191537,30.870424
407,0.900088,0.791334,6.639505,-4.191537,43.151832
408,0.729214,0.732399,6.639485,-4.191537,61.009281
409,0.590778,0.732395,6.639509,-4.191537,87.257061
410,0.478623,0.617942,6.639518,-4.191537,125.871078
411,0.387775,0.587438,6.271331,-4.191537,174.443554
412,0.314139,0.588044,5.956790,-4.191537,241.524502
413,0.206192,0.587993,5.956790,-4.191537,403.977520
414,7.388887,0.720754,6.442609,-2.458343,6.708365
415,5.986094,0.720800,6.442315,-2.458343,6.828659
416,4.849785,0.720800,6.442314,-2.458343,6.947777
417,3.929142,0.720754,6.442609,-2.458343,7.138002
418,3.183246,0.594007,4.529144,-2.458343,7.032415
419,2.148528,0.995307,0.366225,-2.458343,6.487477
420,2.089027,0.995306,0.366254,-2.458343,6.521804
421,1.692666,0.995306,0.366254,-2.458343,6.911123
422,1.371335,0.995306,0.366254,-2.458343,7.726500
423,1.995519,0.858162,3.289595,-2.026520,7.312057
424,1.995091,0.858297,3.288103,-2.026520,7.312420
425,1.995394,0.858166,3.289551,-2.026520,7.312254
426,1.995238,0.858159,3.289628,-2.026520,7.312531
427,1.994040,0.858290,3.288187,-2.026520,7.314186
428,0.429965,0.858405,3.286921,-2.026520,38.652320
429,0.429954,0.858395,3.287029,-2.026520,38.653659
430,0.429977,0.858220,3.288951,-2.026520,38.650961
431,0.429915,0.858160,3.289608,-2.026520,38.658538
432,0.429898,0.858160,3.289611,-2.026520,38.660605
433,0.429872,0.858159,3.289627,-2.026520,38.663740
434,0.429679,0.858302,3.288056,-2.026520,38.687194
435,2.001409,0.863397,3.217206,-2.014555,7.257249
436,2.001051,0.863348,3.217764,-2.014555,7.257950
437,2.001274,0.863241,3.218976,-2.014555,7.257875
438,2.000730,0.863338,3.217881,-2.014555,7.258489
439,2.000055,0.863308,3.218211,-2.014555,7.259646
440,1.998434,0.863333,3.217928,-2.014555,7.262178
441,0.431185,0.863376,3.217446,-2.014555,38.128333
442,0.431192,0.863394,3.217238,-2.014555,38.127440
443,0.431177,0.863396,3.217223,-2.014555,38.129215
444,0.431154,0.863395,3.217236,-2.014555,38.131988
445,0.431238,0.863274,3.218596,-2.014555,38.122164
446,0.431226,0.863275,3.218587,-2.014555,38.123581
447,0.431180,0.863275,3.218586,-2.014555,38.129062
448,7.389045,0.999953,0.105167,-4.462042,5.675646
449,5.986298,0.999953,0.105167,-4.462042,5.686715
450,4.849847,0.999953,0.105167,-4.462042,5.744047
451,3.929150,0.999953,0.105152,-4.462042,5.813193
452,3.183226,0.999953,0.105170,-4.462042,5.955261
453,2.578957,0.999953,0.105153,-4.462042,6.180297
454,2.089285,0.999953,0.105168,-4.462042,6.652480
455,1.692664,0.999953,0.105153,-4.462042,6.942262
456,1.371340,0.999953,0.105167,-4.462042,7.630251
457,1.111003,0.999953,0.105167,-4.462042,9.004915
458,0.900088,0.999953,0.105167,-4.462042,11.471334
459,0.729214,0.999953,0.105167,-4.462042,15.710753
460,0.590785,0.999953,0.105153,-4.462042,22.582765
461,0.478633,0.999953,0.105168,-4.462042,32.882443
462,0.387754,0.999953,0.105153,-4.462042,46.694927
463,0.314145,0.999953,0.105153,-4.462042,66.095396
464,0.254508,0.999758,0.105172,-4.462042,102.446879
465,0.206192,0.999758,0.105176,-4.462042,148.720623
466,0.167048,0.999758,0.105171,-4.462042,215.877062
467,0.135336,0.999710,0.105181,-4.462042,313.935009
468,7.388743,0.998060,0.525333,-2.109099,5.454759
469,5.986297,0.998060,0.525347,-2.109099,5.461359
470,4.849848,0.998060,0.525347,-2.109099,5.515760
471,3.929143,0.998060,0.525347,-2.109099,5.585379
472,3.183225,0.998060,0.525347,-2.109099,5.702891
473,2.579125,0.998060,0.525335,-2.109099,5.923050
474,2.089318,0.998060,0.525348,-2.109099,6.348211
475,1.692587,0.998060,0.525333,-2.109099,6.608663
476,1.371341,0.998060,0.525348,-2.109099,7.230134
477,1.111003,0.998060,0.525347,-2.109099,8.440866
478,0.900088,0.998060,0.525347,-2.109099,10.635462
479,0.729213,0.998060,0.525348,-2.109099,14.371258
480,0.590811,0.998060,0.525334,-2.109099,20.192876
481,0.478625,0.998060,0.525348,-2.109099,28.219070
482,0.387728,0.998060,0.525333,-2.109099,38.194740
483,0.314147,0.998060,0.525347,-2.109099,51.075002
484,0.254508,0.998060,0.525347,-2.109099,69.742263
485,7.389043,0.994542,1.105271,-2.359228,5.736239
486,5.985802,0.994542,1.105202,-2.359228,5.748853
487,4.849848,0.994542,1.105271,-2.359228,5.808068
488,3.929143,0.994542,1.105272,-2.359228,5.944171
489,3.183243,0.994542,1.105269,-2.359228,6.043384
490,2.578956,0.994542,1.105269,-2.359228,6.391684
491,2.089317,0.994542,1.105271,-2.359228,6.752596
492,1.692586,0.994542,1.105257,-2.359228,7.129912
493,1.371335,0.994542,1.105269,-2.359228,8.004456
494,1.111003,0.994542,1.105272,-2.359228,9.620076
495,0.900088,0.994542,1.105271,-2.359228,12.475360
496,0.729214,0.988137,1.105272,-2.359228,18.834818
497,0.590811,0.994542,1.105259,-2.359228,24.526210
498,0.478676,0.994542,1.105271,-2.359228,34.272317
499,0.387754,0.994542,1.105269,-2.359228,68.081472
500,0.314145,0.994542,1.105269,-2.359228,87.144651
501,7.388732,0.985947,1.905587,-2.193049,5.832727
502,5.986201,0.985947,1.905588,-2.193049,5.850427
503,4.849847,0.985946,1.905677,-2.193049,5.907751
504,3.929144,0.985946,1.905674,-2.193049,6.071865
505,3.183229,0.985946,1.905675,-2.193049,6.188968
506,2.579117,0.985947,1.905595,-2.193049,6.604550
507,2.088920,0.985947,1.905650,-2.193049,6.872813
508,1.692663,0.985946,1.905661,-2.193049,7.325239
509,1.371340,0.985946,1.905675,-2.193049,8.293997
510,1.111003,0.953366,1.905677,-2.193049,11.282459
511,0.900088,0.953366,1.905676,-2.193049,14.716992
512,7.388725,0.976499,3.010347,-2.568443,6.277377
513,5.986280,0.976498,3.010383,-2.568443,6.320527
514,4.849832,0.976499,3.010351,-2.568443,6.383955
515,3.929149,0.976498,3.010384,-2.568443,6.542266
516,3.183311,0.976499,3.010354,-2.568443,6.779902
517,2.579111,0.976498,3.010359,-2.568443,7.291670
518,2.085390,0.946413,3.009903,-2.568443,7.899588
519,1.692571,0.946399,3.010347,-2.568443,9.027297
520,1.371334,0.505803,5.422268,-2.568443,13.195786
521,1.111001,0.890662,3.010388,-2.568443,14.978058
522,0.900088,0.917955,3.010388,-2.568443,19.808175
523,0.729215,0.890662,3.010391,-2.568443,27.368938
524,7.388733,0.986752,4.535130,-4.678722,7.214865
525,5.986199,0.986752,4.535132,-4.678722,7.230616
526,2.153965,0.999999,0.008450,-4.678722,6.450492
527,3.929180,0.986752,4.535134,-4.678722,7.529003
528,2.107700,0.957483,4.435288,-4.678722,10.342862
529,2.106353,0.956702,4.485144,-4.678722,10.384948
530,2.065834,0.919589,4.529250,-4.678722,10.769151
531,1.692561,0.919402,4.535227,-4.678722,13.770097
532,1.371308,0.953031,2.900835,-4.678722,15.662198
533,1.022440,0.225239,5.008430,-4.678722,32.741817
534,0.900089,0.953027,2.900987,-4.678722,32.275397
535,0.452986,0.953040,2.900486,-4.678722,102.765677
536,0.453030,0.953065,2.899544,-4.678722,102.733724
537,0.440489,0.900626,4.478561,-4.678722,134.753267
538,0.387750,0.898307,4.535134,-4.678722,165.743059
539,0.314137,0.953031,2.900835,-4.678722,188.479871
540,0.206192,0.942051,3.129233,-4.678722,371.086212
541,7.388716,0.965596,6.639257,-4.070374,7.331256
542,5.986301,0.919297,6.639509,-4.070374,7.582773
543,4.849847,0.919297,6.639508,-4.070374,7.730073
544,3.929142,0.919298,6.639502,-4.070374,8.162638
545,3.183225,0.919297,6.639508,-4.070374,8.771028
546,2.578921,0.919297,6.639504,-4.070374,9.399624
547,2.089364,0.872298,6.639525,-4.070374,11.314331
548,1.692656,0.872301,6.639452,-4.070374,14.845247
549,1.371301,0.872307,6.639303,-4.070374,20.784335
550,1.111003,0.822455,6.639506,-4.070374,30.371177
551,0.900087,0.764526,6.639456,-4.070374,42.389449
552,0.729213,0.679997,6.639487,-4.070374,59.591314
553,0.590778,0.679996,6.639494,-4.070374,85.382351
554,0.478627,0.587584,6.358298,-4.070374,119.937620
555,0.372653,0.644602,5.927544,-4.070374,176.924955
556,0.314139,0.588594,5.687763,-4.070374,229.833786
557,0.206191,0.588566,5.687763,-4.070374,387.908389
558,7.388215,0.588431,7.833944,-2.816506,7.051191
559,5.986231,0.588337,7.833944,-2.816506,7.191340
560,4.849827,0.588331,7.833944,-2.816506,7.304633
561,3.929138,0.588328,7.833944,-2.816506,7.724100
562,3.183225,0.588309,7.833944,-2.816506,8.244890
563,2.578925,0.588323,7.833944,-2.816506,8.746978
564,2.089350,0.588317,7.833944,-2.816506,10.051258
565,1.664130,0.596903,6.087803,-2.816506,12.015113
566,7.389049,1.256477,0.105178,-2.333199,5.732341
567,5.986299,1.256477,0.105178,-2.333199,5.749022
568,4.849848,1.256477,0.105172,-2.333199,5.807615
569,3.929146,1.256477,0.105178,-2.333199,5.880683
570,3.183233,1.256477,0.105178,-2.333199,6.009492
571,2.578922,1.256477,0.105175,-2.333199,6.217939
572,2.089320,1.256477,0.105178,-2.333199,6.657369
573,1.692682,1.256477,0.105178,-2.333199,6.947757
574,1.371341,1.256477,0.105178,-2.333199,7.536566
575,1.111003,1.256477,0.105178,-2.333199,8.643791
576,0.900088,1.256477,0.105178,-2.333199,10.581710
577,0.729214,1.256477,0.105178,-2.333199,13.869735
578,0.590780,1.256477,0.105178,-2.333199,19.075061
579,0.387759,1.256477,0.105178,-2.333199,36.799379
580,0.314147,1.256477,0.105178,-2.333199,49.374482
581,7.389056,0.750614,0.525347,-2.241481,4.736354
582,4.849852,0.750614,0.525347,-2.241481,4.812075
583,3.929351,0.750614,0.525322,-2.241481,4.871257
584,3.183272,0.750614,0.525347,-2.241481,4.999739
585,2.578681,0.750614,0.525320,-2.241481,5.147771
586,2.089326,0.750614,0.525348,-2.241481,5.567258
587,1.692684,0.750614,0.525347,-2.241481,5.728780
588,1.371341,0.750614,0.525347,-2.241481,6.178599
589,1.111003,0.750614,0.525346,-2.241481,7.121011
590,0.900123,0.750614,0.525322,-2.241481,8.915258
591,0.729214,0.750614,0.525347,-2.241481,12.074608
592,0.590774,0.750614,0.525347,-2.241481,16.745313
593,0.478604,0.750614,0.525321,-2.241481,23.148182
594,0.387759,0.748362,0.525346,-2.241481,30.161317
595,7.390214,0.828646,1.105265,-1.690541,5.330243
596,5.986205,0.828646,1.105262,-1.690541,5.317198
597,4.849846,0.828646,1.105271,-1.690541,5.360786
598,3.929103,0.828646,1.105224,-1.690541,5.424184
599,3.183226,0.828646,1.105262,-1.690541,5.544589
600,2.578914,0.828646,1.105271,-1.690541,5.762448
601,2.089417,0.828646,1.105224,-1.690541,6.165378
602,1.692697,0.828646,1.105272,-1.690541,6.410040
603,1.371335,0.828646,1.105269,-1.690541,7.016211
604,1.110962,0.828646,1.105223,-1.690541,8.210823
605,0.900087,0.828646,1.105270,-1.690541,10.254732
606,5.985980,0.973572,1.887925,-1.683004,5.626114
607,4.849746,0.973527,1.892530,-1.683004,5.667392
608,3.929137,0.973462,1.899189,-1.683004,5.792016
609,3.183229,0.973461,1.899192,-1.683004,5.886913
610,2.578927,0.973475,1.897830,-1.683004,6.202392
611,2.089355,0.973475,1.897828,-1.683004,6.510741
612,1.693931,0.973528,1.892382,-1.683004,6.842947
613,1.371322,0.973458,1.899582,-1.683004,7.605649
614,1.111002,0.973442,1.901196,-1.683004,8.943474
615,0.900079,0.959080,1.905450,-1.683004,12.024337
616,0.729213,0.973475,1.897828,-1.683004,14.465174
617,0.590788,0.973572,1.887932,-1.683004,19.119126
618,7.389010,0.701595,3.010425,-1.833560,5.955696
619,3.090438,0.703510,2.893735,-1.833560,5.766556
620,3.089580,0.702940,2.928811,-1.833560,5.769949
621,3.087124,0.702333,2.965843,-1.833560,5.773917
622,3.084753,0.701694,3.004448,-1.833560,5.782874
623,2.578701,0.701595,3.010410,-1.833560,5.971423
624,2.089324,0.612190,3.010394,-1.833560,6.978478
625,1.692683,0.551572,3.010396,-1.833560,5.860152
626,1.371340,0.551568,3.010420,-1.833560,5.862742
627,1.111003,0.442018,2.921127,-1.833560,6.356492
628,0.900090,0.443538,2.675587,-1.833560,7.336988
629,7.388821,1.373034,4.535026,-2.886446,7.090330
630,5.986298,1.373032,4.535105,-2.886446,7.199953
631,4.849849,1.373032,4.535093,-2.886446,7.354520
632,3.929429,1.373039,4.534747,-2.886446,7.478435
633,3.183246,1.298168,4.535100,-2.886446,8.190745
634,2.578925,1.298167,4.535108,-2.886446,8.527695
635,2.089225,1.298169,4.535065,-2.886446,9.402777
636,1.692681,1.218961,4.535102,-2.886446,11.322617
637,1.371348,0.385106,4.535067,-2.886446,13.359924
638,1.111003,1.218960,4.535108,-2.886446,19.367960
639,0.900087,1.128146,4.535106,-2.886446,26.688154
640,0.729214,1.128146,4.535106,-2.886446,35.613810
641,0.590779,1.218960,4.535109,-2.886446,44.401080
642,0.478636,1.218957,4.535137,-2.886446,58.451071
643,0.387754,1.218963,4.535076,-2.886446,110.598539
644,0.314138,1.218970,4.535006,-2.886446,112.157083
645,4.408592,0.315418,9.632557,-1.643433,8.672701
646,4.849820,0.831256,6.639520,-1.643433,6.243964
647,1.618755,0.916184,0.000079,-1.643433,6.138702
648,1.618741,0.916184,0.000077,-1.643433,6.138354
649,1.549454,0.839468,6.277718,-1.643433,14.013513
650,1.546271,0.836439,6.413924,-1.643433,14.035449
651,1.692687,0.449002,6.639495,-1.643433,11.426775
652,1.358882,0.645729,6.569010,-1.643433,15.430111
653,7.388993,0.551980,8.423253,-3.577934,7.395324
654,5.986279,0.551973,8.423253,-3.577934,7.647324
655,4.849848,0.551967,8.423253,-3.577934,7.790694
656,3.929150,0.551966,8.423253,-3.577934,8.461768
657,3.183242,0.551961,8.423253,-3.577934,8.914359
658,2.244944,0.605791,6.481064,-3.577934,10.220853
659,2.089273,0.553281,6.545323,-3.577934,10.993231
660,1.692665,0.553274,6.545323,-3.577934,14.326318
661,1.371335,0.553271,6.545323,-3.577934,19.561923
662,1.111003,0.554329,5.578305,-3.577934,25.877686
663,0.900089,0.555239,4.973735,-3.577934,33.868592
664,0.729216,0.556046,4.552435,-3.577934,44.329412
665,0.482624,0.603274,4.932961,-3.577934,79.260002
666,0.466045,0.562474,4.972837,-3.577934,81.852897
667,0.387759,0.555241,4.973735,-3.577934,99.120646
668,0.314146,0.555241,4.973735,-3.577934,127.157014
669,0.254544,0.941543,0.071289,-3.577934,89.697073
670,0.206192,0.941541,0.071482,-3.577934,130.482730
671,0.167093,0.941613,0.063615,-3.577934,185.704272
672,7.389010,0.899953,13.552623,-4.806935,8.886025
673,5.986298,0.899949,13.552704,-4.806935,9.018018
674,4.849849,0.899951,13.552661,-4.806935,9.473087
675,3.929134,0.415357,13.551920,-4.806935,9.747190
676,3.183225,0.415397,13.552559,-4.806935,10.340499
677,2.134048,0.773629,10.131134,-4.806935,14.302829
678,2.024819,0.696487,10.363242,-4.806935,15.518803
679,1.692654,0.674960,10.374316,-4.806935,20.611728
680,1.371299,0.674984,10.374316,-4.806935,29.596179
681,1.111000,0.674948,10.374316,-4.806935,40.100119
682,0.900088,0.674186,12.175615,-4.806935,43.839096
683,0.729224,0.674219,12.175615,-4.806935,53.810510
684,0.452822,0.750447,7.323303,-4.806935,164.301421
685,0.438742,0.704541,7.405031,-4.806935,172.893056
686,0.387748,0.677642,7.045575,-4.806935,212.677679
687,0.254508,0.677634,7.045575,-4.806935,357.496246
688,2.700184,0.817635,3.856538,-2.389034,6.883387
689,2.701079,0.817593,3.857346,-2.389034,6.883183
690,2.699516,0.817636,3.856501,-2.389034,6.883647
691,2.698253,0.817635,3.856526,-2.389034,6.884157
692,0.581892,0.817685,3.855557,-2.389034,25.143773
693,0.581818,0.817646,3.856308,-2.389034,25.148422
694,0.581854,0.817633,3.856564,-2.389034,25.146418
695,0.581827,0.817631,3.856605,-2.389034,25.147999
696,0.580661,0.817968,3.850060,-2.389034,25.196014
697,0.581665,0.817635,3.856530,-2.389034,25.138980
698,0.581888,0.817592,3.857368,-2.389034,25.144721
699,0.523145,0.661195,3.776516,-2.389034,30.287324
700,7.389005,1.499371,0.105183,-3.780912,6.506027
701,5.986285,1.499371,0.105184,-3.780912,6.531224
702,4.849848,1.499371,0.105173,-3.780912,6.598264
703,3.929153,1.499371,0.105184,-3.780912,6.748267
704,3.183230,1.499371,0.105173,-3.780912,6.888360
705,2.578976,1.499371,0.105183,-3.780912,7.241991
706,2.089243,1.499371,0.105182,-3.780912,7.674296
707,1.692681,1.499371,0.105173,-3.780912,8.166858
708,1.371336,1.499371,0.105184,-3.780912,9.131412
709,1.111002,1.499371,0.105183,-3.780912,10.835805
710,0.900089,1.499371,0.105183,-3.780912,13.645469
711,0.729217,1.499371,0.105184,-3.780912,18.215842
712,0.590777,1.499371,0.105172,-3.780912,25.474097
713,0.478620,1.499371,0.105171,-3.780912,36.554391
714,0.387755,1.499371,0.105183,-3.780912,52.266641
715,0.314145,1.499371,0.105183,-3.780912,73.727465
716,0.254508,1.498990,0.080609,-3.780912,106.473443
717,0.206192,1.498990,0.080609,-3.780912,153.880617
718,0.167049,1.498990,0.080610,-3.780912,221.066420
719,0.135336,1.498796,0.105189,-3.780912,323.242347
720,7.389066,0.541549,0.519319,-3.795084,5.007561
721,5.975165,0.541551,0.515609,-3.795084,4.994823
722,4.849787,0.541550,0.517167,-3.795084,5.052924
723,3.929138,0.541549,0.519443,-3.795084,5.089937
724,3.183200,0.541552,0.514969,-3.795084,5.227146
725,2.578926,0.541553,0.513479,-3.795084,5.383810
726,2.089335,0.541550,0.517730,-3.795084,5.896077
727,1.692771,0.541552,0.515044,-3.795084,6.030933
728,1.371757,0.541552,0.515321,-3.795084,6.609630
729,1.110983,0.541550,0.518389,-3.795084,7.933391
730,0.900087,0.541549,0.519322,-3.795084,10.551025
731,0.729211,0.541550,0.518391,-3.795084,15.290702
732,0.590778,0.541552,0.514992,-3.795084,22.828250
733,0.478624,0.541550,0.518390,-3.795084,32.346940
734,0.387763,0.541550,0.518388,-3.795084,76.057735
735,0.314155,0.540954,0.525335,-3.795084,76.451712
736,0.254500,0.540954,0.525334,-3.795084,114.991400
737,0.206192,0.541119,0.525342,-3.795084,237.813269
738,0.167048,0.540683,0.525347,-3.795084,243.083101
739,0.135335,0.540461,0.525347,-3.795084,351.576361
740,7.389046,1.513587,1.105271,-2.688764,6.598799
741,5.986298,1.513587,1.105271,-2.688764,6.633828
742,4.849852,1.513588,1.105264,-2.688764,6.702386
743,3.929144,1.513587,1.105271,-2.688764,6.872759
744,3.183342,1.513588,1.105264,-2.688764,7.047662
745,2.578980,1.513587,1.105270,-2.688764,7.563933
746,2.088936,1.513588,1.105261,-2.688764,7.850181
747,1.692684,1.513587,1.105272,-2.688764,8.453903
748,1.371341,1.513587,1.105271,-2.688764,9.674825
749,1.111002,1.513587,1.105270,-2.688764,11.776747
750,0.900097,1.513588,1.105264,-2.688764,15.290610
751,0.729214,1.497042,1.105272,-2.688764,23.374871
752,0.590778,1.490495,1.105272,-2.688764,32.402583
753,7.388915,1.281316,1.905648,-2.098471,6.263467
754,5.986296,1.281315,1.905672,-2.098471,6.283295
755,4.849837,1.281316,1.905650,-2.098471,6.373350
756,3.929147,1.281317,1.905541,-2.098471,6.523344
757,3.183271,1.281317,1.905541,-2.098471,6.672892
758,2.578933,1.281316,1.905650,-2.098471,7.140019
759,2.089618,1.281317,1.905546,-2.098471,7.387301
760,1.692628,1.281316,1.905650,-2.098471,7.928243
761,1.371339,1.281315,1.905673,-2.098471,9.034159
762,1.111002,1.261855,1.905675,-2.098471,11.891462
763,0.900087,1.281315,1.905677,-2.098471,14.083086
764,0.729220,1.281317,1.905541,-2.098471,19.283364
765,0.590778,1.281315,1.905677,-2.098471,27.042078
766,0.478625,1.281315,1.905673,-2.098471,37.426135
767,0.387718,1.281316,1.905649,-2.098471,72.799966
768,0.314146,1.281315,1.905670,-2.098471,92.713829
769,7.389115,0.677366,3.010417,-2.971306,5.912229
770,5.986067,0.677365,3.010465,-2.971306,5.917899
771,4.849805,0.677365,3.010465,-2.971306,5.967723
772,3.929074,0.677364,3.010765,-2.971306,6.178371
773,3.183215,0.677364,3.010767,-2.971306,6.330952
774,2.578919,0.677365,3.010466,-2.971306,6.933729
775,2.089338,0.669607,3.010238,-2.971306,7.481266
776,1.692709,0.662804,3.010342,-2.971306,8.831640
777,1.370543,0.662805,3.010265,-2.971306,11.304743
778,1.111000,0.662803,3.010384,-2.971306,15.445267
779,0.900084,0.656791,3.010362,-2.971306,22.476412
780,0.729207,0.656793,3.010230,-2.971306,31.428633
781,0.590777,0.651360,3.010390,-2.971306,43.642133
782,0.478625,0.651360,3.010368,-2.971306,60.763418
783,0.387764,0.651360,3.010368,-2.971306,85.671121
784,0.314164,0.651360,3.010380,-2.971306,116.817267
785,0.254483,0.651363,3.010249,-2.971306,163.318868
786,0.206185,0.646365,3.010281,-2.971306,244.742939
787,7.389187,0.592232,4.535102,-2.069630,5.909356
788,5.985803,0.592232,4.535086,-2.069630,5.989496
789,4.849838,0.592232,4.535106,-2.069630,6.013211
790,3.929060,0.592233,4.535061,-2.069630,6.156499
791,3.183224,0.569150,4.535107,-2.069630,6.617919
792,2.578917,0.569150,4.535103,-2.069630,7.032221
793,2.089371,0.569150,4.535087,-2.069630,7.468048
794,1.692701,0.546549,4.535111,-2.069630,8.741048
795,1.371419,0.546548,4.535145,-2.069630,10.795325
796,1.110981,0.546550,4.535089,-2.069630,13.912189
797,0.900082,0.569150,4.535100,-2.069630,16.639657
798,0.729211,0.546550,4.535102,-2.069630,24.862380
799,7.389365,0.425219,6.639508,-3.641645,6.387317
800,5.381947,0.415968,6.609116,-3.641645,6.741192
801,4.849090,0.415843,6.639477,-3.641645,6.878730
802,3.929107,0.399424,6.639513,-3.641645,6.956329
803,1.182320,0.432723,0.017663,-3.641645,6.183979
804,2.578914,0.392028,6.639510,-3.641645,8.092022
805,1.132308,0.396572,6.213990,-3.641645,24.148582
806,1.114794,0.384535,6.214863,-3.641645,24.826319
807,1.110878,0.381694,6.405164,-3.641645,25.424232
808,1.105414,0.378123,6.633263,-3.641645,26.171514
809,0.900074,0.371186,6.639512,-3.641645,36.646719
810,0.254816,0.432711,0.035603,-3.641645,78.286818
811,0.254811,0.432711,0.035645,-3.641645,78.293607
812,0.387761,0.364337,6.639543,-3.641645,163.435889
813,0.236470,0.372611,6.239471,-3.641645,321.968516
814,0.234730,0.367179,6.507486,-3.641645,329.438763
815,0.206187,0.364338,6.639491,-3.641645,395.299030
816,0.167047,0.364337,6.639524,-3.641645,548.465817
817,7.388972,0.128893,9.544106,-4.098242,7.115761
818,5.986304,0.399809,9.544042,-4.098242,7.214171
819,4.849848,0.128890,9.543986,-4.098242,7.368258
820,3.929276,0.399804,9.544337,-4.098242,7.949837
821,3.183217,0.399809,9.544046,-4.098242,8.473843
822,2.578883,0.331226,9.544308,-4.098242,9.421469
823,2.089303,0.218803,9.544081,-4.098242,11.635897
824,1.692682,0.332250,8.124231,-4.098242,14.517299
825,1.371343,0.332250,8.124231,-4.098242,20.459808
826,1.111004,0.332238,8.124404,-4.098242,28.132577
827,0.690543,0.320733,6.288444,-4.098242,52.750211
828,0.664232,0.296771,6.424890,-4.098242,56.724250
829,0.590755,0.278531,6.454896,-4.098242,68.793068
830,0.478619,0.278786,6.079157,-4.098242,95.318721
831,0.387759,0.278785,6.079157,-4.098242,127.189374
832,0.314146,0.278808,6.079157,-4.098242,168.195971
833,0.254509,0.279031,5.774483,-4.098242,245.994602
834,0.148825,0.320954,5.627552,-4.098242,504.749092
835,7.387176,0.921067,9.423033,-3.279423,7.746477
836,5.986220,0.920896,9.423034,-3.279423,7.974856
837,4.849727,0.920927,9.423034,-3.279423,8.067339
838,3.929136,0.920887,9.423034,-3.279423,8.693321
839,3.183228,0.920885,9.423034,-3.279423,9.153889
840,2.057733,1.536301,1.465468,-3.279423,8.640979
841,0.438483,1.501206,1.903431,-3.279423,73.227241
842,0.439033,1.500987,1.907132,-3.279423,73.127924
843,0.438892,1.501006,1.906823,-3.279423,73.161447
844,0.438852,1.501009,1.906772,-3.279423,73.171170
845,0.439017,1.500987,1.907135,-3.279423,73.131997
846,0.438683,1.501013,1.906703,-3.279423,73.215272
847,0.438416,1.501012,1.906710,-3.279423,73.286334
848,0.441273,1.519883,1.698706,-3.279423,68.964438
849,7.227725,0.869141,9.896058,-3.196571,7.694256
850,5.986204,0.861113,9.896965,-3.196571,7.905464
851,4.849711,0.861131,9.896965,-3.196571,7.999250
852,3.929134,0.861108,9.896965,-3.196571,8.617856
853,3.183224,0.861104,9.896965,-3.196571,9.079359
854,2.578916,0.861104,9.896965,-3.196571,9.852128
855,2.000635,1.440245,1.406752,-3.196571,8.454245
856,1.692533,1.440241,1.406906,-3.196571,9.337446
857,1.371135,1.440243,1.406829,-3.196571,11.359243
858,1.111002,1.440240,1.406924,-3.196571,14.761395
859,0.429836,1.426896,1.635599,-3.196571,68.216182
860,0.429766,1.426890,1.635764,-3.196571,68.235717
861,0.429718,1.426890,1.635758,-3.196571,68.247865
862,0.429521,1.426897,1.635567,-3.196571,68.294798
863,0.387747,1.411411,1.843537,-3.196571,84.777452
864,0.314134,1.411412,1.843518,-3.196571,119.332399
865,7.389038,0.930975,0.105128,-2.998885,5.358359
866,5.986302,0.930975,0.105132,-2.998885,5.387583
867,4.849862,0.930975,0.105135,-2.998885,5.437871
868,3.929172,0.930975,0.105132,-2.998885,5.508805
869,3.183239,0.930975,0.105163,-2.998885,5.659115
870,2.578910,0.930975,0.105170,-2.998885,5.829880
871,2.089309,0.930975,0.105132,-2.998885,6.297934
872,1.692679,0.930975,0.105132,-2.998885,6.562475
873,1.371342,0.930975,0.105169,-2.998885,7.111604
874,1.111003,0.930975,0.105163,-2.998885,8.234908
875,0.900093,0.930975,0.105132,-2.998885,10.322968
876,0.729224,0.930975,0.105130,-2.998885,13.989019
877,0.590692,0.930975,0.105132,-2.998885,19.965411
878,0.478595,0.930975,0.104972,-2.998885,28.943236
879,0.387758,0.930975,0.105132,-2.998885,40.816247
880,0.314146,0.930975,0.105134,-2.998885,56.674124
881,0.254509,0.930975,0.105132,-2.998885,80.223466
882,0.206193,0.930975,0.105128,-2.998885,114.035065
883,0.167048,0.930975,0.105166,-2.998885,171.606882
884,5.004981,0.378068,0.524761,-1.538386,4.529656
885,1.078937,0.378449,0.000186,-1.538386,5.936828
886,1.078936,0.378449,0.000189,-1.538386,5.936834
887,1.078934,0.378449,0.000179,-1.538386,5.936837
888,1.078935,0.378449,0.000187,-1.538386,5.936837
889,1.078391,0.378070,0.523050,-1.538386,6.619452
890,1.078929,0.378449,0.000181,-1.538386,5.936858
891,1.078929,0.378449,0.000190,-1.538386,5.936862
892,1.078368,0.378067,0.525245,-1.538386,6.622014
893,7.389055,1.084323,1.105272,-4.588729,6.307637
894,5.986300,1.084323,1.105272,-4.588729,6.323504
895,4.849850,1.084323,1.105273,-4.588729,6.370001
896,3.929165,1.084323,1.105277,-4.588729,6.537154
897,3.183235,1.084323,1.105273,-4.588729,6.687837
898,2.578867,1.084323,1.105273,-4.588729,7.234593
899,2.089211,1.084323,1.105296,-4.588729,7.456900
900,1.692648,1.084323,1.105297,-4.588729,8.040729
901,1.371341,1.084323,1.105272,-4.588729,9.333086
902,1.111003,1.084323,1.105272,-4.588729,11.685110
903,0.900108,1.084323,1.105297,-4.588729,15.737999
904,0.729214,1.078424,1.105272,-4.588729,29.707691
905,0.590792,1.078424,1.105277,-4.588729,40.869556
906,0.478584,1.075645,1.105550,-4.588729,58.960818
907,0.387758,1.075648,1.105326,-4.588729,84.247054
908,0.314146,1.075648,1.105326,-4.588729,119.688473
909,0.254509,1.075648,1.105326,-4.588729,166.579951
910,0.206193,1.073540,1.095115,-4.588729,247.473598
911,0.167050,1.073556,1.094241,-4.588729,347.190137
912,0.135340,1.073540,1.095117,-4.588729,514.775871
913,7.388847,1.302717,1.905697,-3.136348,6.543858
914,5.986298,1.302717,1.905679,-3.136348,6.587539
915,4.849851,1.302717,1.905682,-3.136348,6.658970
916,3.929155,1.302717,1.905682,-3.136348,6.834693
917,3.183230,1.302717,1.905679,-3.136348,7.049123
918,2.579007,1.302717,1.905683,-3.136348,7.618124
919,2.089317,1.302717,1.905678,-3.136348,7.878478
920,1.692682,1.302717,1.905679,-3.136348,8.582418
921,1.371341,1.302717,1.905679,-3.136348,10.018938
922,1.111003,1.309258,0.570685,-3.136348,11.371281
923,0.900088,1.281010,1.905679,-3.136348,20.498564
924,0.507651,1.300045,0.917018,-3.136348,41.358140
925,0.501083,1.265281,1.883125,-3.136348,51.558570
926,0.478586,1.264340,1.905690,-3.136348,55.362510
927,0.387759,1.257171,1.905680,-3.136348,77.770120
928,7.388230,0.959606,3.010377,-3.705626,6.426764
929,5.986233,0.959606,3.010381,-3.705626,6.527463
930,4.849743,0.959607,3.010336,-3.705626,6.571253
931,3.929142,0.959606,3.010391,-3.705626,6.719325
932,3.183229,0.959606,3.010381,-3.705626,6.987538
933,2.578925,0.959606,3.010381,-3.705626,7.545478
934,2.089446,0.950369,3.010363,-3.705626,8.325325
935,1.692847,0.942313,3.010399,-3.705626,10.009048
936,1.371318,0.942313,3.010385,-3.705626,13.043045
937,1.110970,0.942314,3.010366,-3.705626,18.157498
938,0.900078,0.935230,3.010375,-3.705626,26.654601
939,0.729213,0.935230,3.010392,-3.705626,37.192205
940,0.590821,0.912536,3.010438,-3.705626,54.393723
941,0.478624,0.912537,3.010392,-3.705626,78.889526
942,0.387771,0.912537,3.010400,-3.705626,114.357044
943,0.314094,0.912538,3.010352,-3.705626,161.298277
944,0.254506,0.912537,3.010390,-3.705626,227.745233
945,0.206192,0.912537,3.010392,-3.705626,314.103160
946,0.167048,0.912537,3.010392,-3.705626,437.267514
947,0.135335,0.907716,3.010392,-3.705626,636.777080
948,7.389454,0.452399,6.639522,-2.293809,6.119259
949,5.986133,0.419858,6.639474,-2.293809,6.287233
950,4.849660,0.419859,6.639443,-2.293809,6.420929
951,3.929083,0.419858,6.639470,-2.293809,6.591167
952,3.183225,0.419858,6.639509,-2.293809,7.093121
953,1.419906,0.406816,5.766442,-2.293809,11.433020
954,1.410321,0.401337,5.982518,-2.293809,11.692569
955,1.692708,0.381680,6.639540,-2.293809,9.901002
956,1.371263,0.381686,6.639359,-2.293809,12.600277
957,1.110988,0.381682,6.639469,-2.293809,16.254109
958,0.900087,0.320119,6.639505,-2.293809,22.021827
959,0.729207,0.381682,6.639461,-2.293809,27.320085
960,7.388791,1.039018,9.543852,-1.953877,6.838266
961,5.986249,1.039010,9.543958,-1.953877,6.850549
962,4.849839,1.305558,0.112326,-1.953877,5.773809
963,3.929157,1.305559,0.112285,-1.953877,5.867198
964,1.949390,1.305278,0.127591,-1.953877,6.747775
965,1.950553,1.305276,0.127732,-1.953877,6.747026
966,1.949034,1.305276,0.127756,-1.953877,6.748060
967,1.692499,1.305275,0.127818,-1.953877,6.982652
968,1.371340,1.305274,0.127826,-1.953877,7.601853
969,1.110932,1.305275,0.127784,-1.953877,8.729332
970,7.389026,0.795194,12.153231,-4.038407,8.231486
971,5.986293,0.795188,12.153231,-4.038407,8.398014
972,4.849836,0.795183,12.153231,-4.038407,8.685440
973,3.929142,0.795178,12.153231,-4.038407,9.478177
974,3.183226,0.795184,12.153231,-4.038407,9.866192
975,2.221737,1.153893,6.961123,-4.038407,11.054386
976,2.088707,1.052716,7.054662,-4.038407,11.791508
977,1.692580,1.052738,7.054477,-4.038407,15.518541
978,1.371309,1.052738,7.054477,-4.038407,21.811399
979,1.110995,1.052738,7.054477,-4.038407,30.995256
980,0.900093,1.052738,7.054477,-4.038407,41.985031
981,0.729231,1.153727,6.963798,-4.038407,48.229070
982,0.590782,0.876552,6.500360,-4.038407,82.647120
983,0.417295,0.876656,6.500179,-4.038407,138.087172
984,0.387743,0.876552,6.500360,-4.038407,151.736358
985,0.314144,0.876552,6.500360,-4.038407,194.359447
986,7.389020,0.409065,16.219977,-4.954506,8.864694
987,5.986254,0.409089,16.219977,-4.954506,8.986918
988,4.849871,0.409080,16.219977,-4.954506,9.548118
989,3.929142,0.409057,16.219977,-4.954506,10.212776
990,3.183390,0.409047,16.219977,-4.954506,10.964963
991,2.479527,0.419970,12.591382,-4.954506,12.734381
992,2.089126,0.409623,12.599793,-4.954506,15.920802
993,1.692631,0.409605,12.599793,-4.954506,22.277437
994,1.371326,0.410026,10.735445,-4.954506,30.371903
995,1.111003,0.410022,10.735445,-4.954506,39.954746
996,0.674019,0.670543,3.060559,-4.954506,50.157503
997,0.145402,0.670541,3.060654,-4.954506,981.156035
998,0.145386,0.670539,3.060800,-4.954506,981.264839
999,0.145376,0.670543,3.060526,-4.954506,981.286643
1000,0.143448,0.652641,3.576659,-4.954506,662.799235
1001,0.143466,0.652649,3.576305,-4.954506,662.645884
1002,0.143370,0.652668,3.575533,-4.954506,663.371756
1003,0.143427,0.652640,3.576697,-4.954506,662.945933
1004,7.389059,0.337926,0.105184,-3.940843,4.218945
1005,5.986308,0.337926,0.105184,-3.940843,4.234218
1006,4.849866,0.337926,0.105184,-3.940843,4.264755
1007,3.929095,0.337926,0.105187,-3.940843,4.336703
1008,3.183218,0.337926,0.105184,-3.940843,4.450217
1009,2.578912,0.337926,0.105184,-3.940843,4.542038
1010,2.089327,0.337926,0.105184,-3.940843,4.821457
1011,1.692685,0.337926,0.105184,-3.940843,5.166217
1012,1.371343,0.337926,0.105184,-3.940843,5.401114
1013,1.111005,0.337926,0.105185,-3.940843,6.159770
1014,0.889646,0.337926,0.105490,-3.940843,8.038327
1015,0.729211,0.337926,0.105184,-3.940843,11.295173
1016,0.590777,0.337926,0.105184,-3.940843,17.070275
1017,0.478623,0.337926,0.105185,-3.940843,25.264823
1018,0.387760,0.337926,0.105184,-3.940843,35.239448
1019,0.314147,0.337926,0.105184,-3.940843,50.497873
1020,0.254509,0.337843,0.105164,-3.940843,77.216357
1021,0.206193,0.337843,0.105161,-3.940843,111.936334
1022,0.167047,0.337855,0.105156,-3.940843,163.780242
1023,0.135334,0.337855,0.105113,-3.940843,234.400958
1024,7.389054,1.515602,0.525347,-1.978872,6.064653
1025,4.849848,1.515602,0.525345,-1.978872,6.120127
1026,3.929143,1.515602,0.525345,-1.978872,6.239830
1027,3.183228,1.515602,0.525345,-1.978872,6.351493
1028,2.579149,1.515603,0.525278,-1.978872,6.635405
1029,2.089167,1.515602,0.525333,-1.978872,6.995310
1030,1.692680,1.515602,0.525345,-1.978872,7.357628
1031,1.371340,1.515602,0.525345,-1.978872,8.091404
1032,1.111003,1.515602,0.525345,-1.978872,9.382191
1033,0.900089,1.515602,0.525333,-1.978872,11.580373
1034,0.590779,1.515602,0.525345,-1.978872,20.569733
1035,0.470321,1.515604,0.525158,-1.978872,29.134661
1036,0.387731,1.515603,0.525276,-1.978872,37.737079
1037,7.388736,0.921096,1.105270,-1.796749,5.513340
1038,5.985930,0.921096,1.105226,-1.796749,5.500037
1039,4.849847,0.921096,1.105271,-1.796749,5.543695
1040,3.929141,0.921096,1.105270,-1.796749,5.624530
1041,3.183227,0.921096,1.105262,-1.796749,5.740810
1042,2.578915,0.921096,1.105271,-1.796749,5.992037
1043,2.089439,0.921096,1.105227,-1.796749,6.382373
1044,1.692815,0.921096,1.105264,-1.796749,6.658669
1045,1.371217,0.921096,1.105225,-1.796749,7.344234
1046,1.110969,0.921096,1.105226,-1.796749,8.642220
1047,0.900087,0.921096,1.105270,-1.796749,10.837182
1048,7.389030,1.279125,1.905681,-3.398132,6.706951
1049,5.986146,1.279124,1.905872,-3.398132,6.752507
1050,4.849847,1.279125,1.905679,-3.398132,6.816907
1051,3.929142,1.279125,1.905679,-3.398132,6.980823
1052,3.183237,1.279125,1.905717,-3.398132,7.242847
1053,2.578915,1.279125,1.905680,-3.398132,7.799200
1054,2.089429,1.279125,1.905716,-3.398132,8.091682
1055,1.692649,1.279125,1.905716,-3.398132,8.906814
1056,1.371295,1.279124,1.905875,-3.398132,10.550422
1057,1.110988,1.254471,1.905367,-3.398132,16.768568
1058,0.900088,1.254462,1.905666,-3.398132,23.520666
1059,0.729222,1.244355,1.905508,-3.398132,33.593476
1060,0.590777,1.244348,1.905674,-3.398132,45.722249
1061,0.478633,1.226911,1.905660,-3.398132,65.680986
1062,0.387739,1.226912,1.905646,-3.398132,92.609309
1063,0.314146,1.226910,1.905674,-3.398132,129.278020
1064,0.254508,1.226910,1.905677,-3.398132,179.088865
1065,0.206192,1.226910,1.905677,-3.398132,251.640297
1066,0.167049,1.235255,1.905555,-3.398132,355.356974
1067,7.316929,0.556062,3.009077,-1.114721,4.791887
1068,5.985869,0.556049,3.010435,-1.114721,4.871568
1069,4.849822,0.556050,3.010401,-1.114721,4.645634
1070,3.929135,0.556050,3.010402,-1.114721,4.656975
1071,2.578923,0.556050,3.010403,-1.114721,5.158314
1072,1.576890,0.556391,2.973521,-1.114721,5.428181
1073,1.544865,0.534163,2.978887,-1.114721,6.313424
1074,1.371297,0.510958,3.010402,-1.114721,5.994616
1075,1.111001,0.510958,3.010396,-1.114721,6.653104
1076,0.900087,0.550520,1.715905,-1.114721,7.636541
1077,7.388569,1.361582,4.535325,-3.720108,7.465558
1078,5.986160,1.382491,2.864161,-3.720108,7.189726
1079,4.849840,1.361585,4.535154,-3.720108,7.727299
1080,3.929163,1.382491,2.864161,-3.720108,7.464411
1081,3.183283,1.330059,3.877107,-3.720108,8.527039
1082,2.579036,1.330059,3.877104,-3.720108,8.932372
1083,2.089353,1.257838,4.505832,-3.720108,10.538942
1084,1.692451,1.258849,4.488751,-3.720108,13.212061
1085,1.371330,1.203955,4.534723,-3.720108,18.192266
1086,1.111002,1.203927,4.535037,-3.720108,25.782511
1087,0.900087,1.203954,4.534735,-3.720108,36.038620
1088,0.729213,1.149205,4.535057,-3.720108,50.212281
1089,0.590778,1.088052,4.535052,-3.720108,71.373376
1090,0.478628,1.088094,4.534827,-3.720108,100.819208
1091,0.387764,1.011570,4.535045,-3.720108,141.644534
1092,0.314146,1.011593,4.534972,-3.720108,192.893368
1093,0.254508,1.011589,4.534986,-3.720108,252.986656
1094,0.206192,1.011587,4.534993,-3.720108,341.839080
1095,0.167048,0.892714,4.505075,-3.720108,466.795182
1096,0.135335,0.832965,4.308447,-3.720108,640.823334
1097,5.986300,0.199906,6.639466,-2.427168,4.896333
1098,4.849871,0.207876,5.168193,-2.427168,4.824136
1099,3.929191,0.207874,5.168193,-2.427168,4.905771
1100,3.158590,0.209943,5.167649,-2.427168,5.115474
1101,2.578875,0.207882,5.168193,-2.427168,5.393812
1102,2.089325,0.212716,4.404479,-2.427168,5.531537
1103,1.692670,0.210912,2.999759,-2.427168,5.639176
1104,7.389053,0.352097,9.543960,-3.374806,6.857495
1105,5.986302,0.352096,9.543967,-3.374806,6.952227
1106,4.849862,0.319079,7.509592,-3.374806,6.767729
1107,3.929148,0.319078,7.509592,-3.374806,7.134446
1108,3.183303,0.319070,7.509592,-3.374806,7.724372
1109,2.578816,0.319095,7.509592,-3.374806,8.228313
1110,2.089324,0.319080,7.509592,-3.374806,9.575446
1111,1.692683,0.319079,7.509592,-3.374806,12.049078
1112,1.371341,0.319079,7.509592,-3.374806,15.798686
1113,1.111005,0.319079,7.509592,-3.374806,20.459663
1114,0.900113,0.319073,7.509592,-3.374806,25.461080
1115,0.729224,0.319074,7.509592,-3.374806,30.545518
1116,0.590760,0.319091,7.509592,-3.374806,37.038428
1117,5.370300,0.416764,7.829028,-1.703494,6.211875
1118,5.211408,0.392352,7.950470,-1.703494,6.231588
1119,4.849765,0.367579,7.990181,-1.703494,6.292833
1120,3.929099,0.367576,7.990181,-1.703494,6.443202
1121,3.183212,0.367575,7.990181,-1.703494,6.899452
1122,2.578912,0.367574,7.990181,-1.703494,7.074083
1123,2.089341,0.367564,7.990181,-1.703494,7.516244
1124,1.165391,0.422799,7.785507,-1.703494,18.930318
1125,1.133942,0.400118,7.921053,-1.703494,18.851061
1126,1.091907,0.371020,7.989432,-1.703494,18.700736
1127,0.900018,0.367581,7.990181,-1.703494,20.256348
1128,5.561262,0.452124,1.281540,-2.139611,4.868238
1129,5.559927,0.452121,1.281972,-2.139611,4.868459
1130,4.849304,0.452120,1.282044,-2.139611,4.943365
1131,3.929115,0.452120,1.282058,-2.139611,5.058683
1132,3.183223,0.452120,1.282061,-2.139611,5.219055
1133,2.578914,0.452120,1.282061,-2.139611,5.547896
1134,1.195473,0.448980,1.498928,-2.139611,9.010093
1135,1.194292,0.448984,1.498545,-2.139611,9.020454
1136,1.195150,0.448981,1.498881,-2.139611,9.013022
1137,1.110954,0.448978,1.499126,-2.139611,9.905718
1138,0.899880,0.448979,1.499028,-2.139611,13.601716
1139,0.729200,0.448978,1.499109,-2.139611,19.400340
1140,0.590777,0.452120,1.282061,-2.139611,25.605862
