,log(xi),log(rho0),log(1+gamma),log(1+10^3*zeta),alpha
0,0.4602087779217937,1.522183181926996,0.1158343137150959,0.039618789442764,-2.1732358070618565
1,0.6865346654133528,1.8217226067551,0.0694542265701635,0.1004487368208759,28.83478328945192
2,0.8481395720839711,-0.1076514264157302,0.1871489076946566,0.0518227857687569,-14.21867081848131
3,0.867295437581007,0.9545986920430372,0.0,0.154048743195067,-7.180546725131718
4,0.2818648077966496,-0.7780528879813879,0.0,1.2809172498002015,-16.749949596980045
5,0.9012843809893089,0.027790741875052,0.0,0.2076918290576972,3.8560254757463226
6,0.6865346654133525,-0.297753419191097,0.7326356131860069,1.4750305459505522,9.05468456919115
7,0.3075509566779182,0.930965826511752,1.1820329266589709,0.5325464915562897,-20.602278343368788
8,0.8481395720839711,-1.2667846713955029,0.2599562110838213,0.573833196752224,-14.384267784837094
9,0.4602087779217937,-1.579162331840395,0.0716776860490968,0.2582902042574097,-15.491956891792071
10,0.8481395720839711,-1.6885997638931312,0.4649971851476233,0.7245400850551366,8.464105177702692
11,0.6865346654133525,1.5466863078658708,0.2486331610011049,0.5617941964221977,9.935544877046295
12,0.8664760052119581,1.3525761248745345,0.0,0.9843056196807084,0.05492671609230211
13,0.3075509566779182,0.930965826511752,3.3596848083422763,1.4219251863650375,-0.3660273824265038
14,0.356274952972229,0.8161672959052053,0.0,1.9441139309133748,9.643712768393277
15,0.893012276284299,0.8872176440308659,0.0,1.2109861122082886,0.7775413428345161
16,0.4602087779217937,0.5287687847961403,0.3732416246688015,0.8407061655323594,-12.625233261588505
17,0.3075509566779182,0.2412067211828522,0.2767279372129013,0.5325464915562897,6.639330491845618
18,0.3169333773223824,-1.2535402319050886,0.1474767154033145,1.400570140386887,-16.64629813133829
19,0.635020313994827,1.6434361877201522,0.0,1.594197777333281,-1.0308144633805514
20,0.4602087779217937,0.0017860056370063,0.1981121750292198,0.2582902042574097,-9.94187868347188
21,0.8481395720839711,-0.8981255951544307,0.4649971851476233,0.7245400850551366,-16.963608183800282
22,0.5408068957473645,1.73104863040376,0.0,0.6338252293932857,-1.730079849525019
23,0.6865346654133525,-1.0882275879297978,0.4340161334486301,0.5617941964221977,-9.818565131603492
24,0.4602087779217937,-0.0587651555504053,0.0600979044416936,0.039618789442764,4.09583572513516
25,0.8481395720839711,-1.1616169847339977,0.7780043084242031,1.7504818965725644,-8.204930220683437
26,0.4602087779217937,-0.5251967735221272,0.0716776860490968,0.2582902042574097,-22.02635906956737
27,0.3075509566779182,-1.8280705948038485,0.2055840996489066,1.4219251863650375,-11.797652342971586
28,0.503784626596969,-1.2081977191760678,0.0,1.876564598680676,-2.890448275530054
29,0.3075509566779182,-0.4485523841460478,0.2535573345035666,0.5325464915562897,3.749982275466409
30,0.4602087779217937,1.319242953534841,0.6475661693928549,1.93069352049984,-3.220893941684102
31,0.7614145762326211,0.9546710918338868,0.0,0.6476778900406569,0.2566572166087433
32,0.4602087779217937,-0.0587651555504053,0.1158343137150959,0.039618789442764,12.98851712213584
33,0.3075509566779182,-1.3682311912512484,0.4724276995985427,1.4219251863650375,-38.52391215515518
34,0.3839791356628784,0.2791142087103336,0.0,1.33006414419186,5.670687462879334
35,0.3659348261424612,1.532631580812417,0.0,0.0640032486921449,-8.043771715054035
36,0.4602087779217937,0.2652773952165733,0.6475661693928549,1.93069352049984,-17.617630493492975
37,0.883370327685985,1.290832238830585,0.0,0.7175167409851995,0.20895826741981824
38,0.8481395720839711,-0.3711428159952971,0.354162611554277,0.2133912101507657,-22.317229689024177
39,0.6865346654133525,0.7562121391271703,0.4601575571026752,1.4750305459505522,14.244554428752096
40,0.822627777676554,1.1428414033237986,0.0,1.964863050178557,-5.760832447637738
41,0.6865346654133528,-0.0227171203018682,0.2602478683114381,0.3870003537430038,-34.949002895125425
42,0.4602087779217937,0.5287687847961404,0.2831900886011236,1.93069352049984,-1.6524122499186122
43,0.4602087779217937,0.5287687847961403,0.3732416246688015,0.8407061655323594,-12.62523326153106
44,0.6865346654133525,2.0736690870250047,0.4340161334486301,0.5617941964221977,-1.266077427073023
45,0.9284713177220044,0.93548753699251,0.0,1.4710633582842236,-2.3474202324411224
46,0.4602087779217937,-2.1061451109995284,0.1374400736069757,0.2582902042574097,12.674571534636781
47,0.8481395720839711,-0.6346342055748638,0.2534639407622203,0.2133912101507657,-20.690483894282835
48,0.6865346654133525,0.4927207495476034,0.4340161334486301,0.5617941964221977,3.8193742509193234
49,0.3659348261424612,0.1860024760849578,0.0,0.0640032486921449,-10.703121569440167
50,0.6865346654133528,-0.5496998994610022,0.3631891067476675,0.3870003537430038,-18.53819907074969
51,0.4602087779217937,-0.5251967735221272,0.1374400736069757,0.2582902042574097,-6.649824051187212
52,0.4359186333320149,1.6673154358258455,0.0,0.4016923021466259,-3.3356313353165077
53,0.4233190507913653,-0.8133043238255168,0.0,1.504075405457578,-10.157112458257565
54,0.3075509566779182,-0.2186326823697477,0.9322666700231392,0.5325464915562897,16.76418834616058
55,0.893012276284299,1.3864152298017374,0.0,1.2109861122082886,-0.667615301588377
56,0.4602087779217937,-1.315670942260828,0.0716776860490968,0.2582902042574097,-26.09100880077905
57,0.3075509566779182,-1.3682311912512484,0.5855841702586767,0.5325464915562897,15.988063707917108
58,0.6865346654133528,0.7677570484368322,0.2602478683114381,0.3870003537430038,5.856903258285668
59,0.3169333773223824,-2.307505790223356,0.1474767154033145,1.400570140386887,19.824333631385056
60,0.3075509566779182,-1.3682311912512484,0.4724276995985427,1.4219251863650375,-38.52391215511429
61,0.3075509566779182,-2.2879099983564486,0.1030817631866166,0.5325464915562897,7.168033818964141
62,0.6865346654133528,-0.286208509881435,0.4762394972680774,1.1356958495311582,-24.187912582581284
63,0.6865346654133525,-1.0882275879297978,0.5796599574127385,0.5617941964221977,-4.853902660813724
64,0.6865346654133525,0.7562121391271703,0.5796599574127385,0.5617941964221977,-2.741560860604802
65,0.4602087779217937,0.2652773952165733,0.6475661693928549,1.93069352049984,-17.61763049277578
66,0.6865346654133525,-1.3517189775093643,0.3293920774666525,0.1557709076523344,4.781745865937044
67,0.4324401727845692,1.5104072454788189,0.0,0.6016509498198112,-1.2808668389024431
68,0.3075509566779182,0.930965826511752,1.6620862458791756,0.5325464915562897,-14.690066384182304
69,0.8481395720839711,-0.8981255951544307,0.970394173780346,1.7504818965725644,10.417926465928161
70,0.3075509566779182,0.4711264229591526,0.0813448178040497,0.5325464915562897,9.84088691191549
71,0.6865346654133525,1.0197035287067373,0.3293920774666525,0.1557709076523344,0.3738054737272739
72,0.3075509566779182,0.2412067211828522,0.1189764484748943,0.5325464915562897,9.131422152949416
73,0.9437828052723104,1.387687322595408,0.0,0.9930978172491992,-0.15671369286042394
74,0.3075509566779182,0.930965826511752,1.955093483490492,0.5325464915562897,-11.430448294930766
75,0.7614145762326211,1.3488874874061807,0.0,0.6476778900406569,-1.2201014073700882
76,0.3075509566779182,0.930965826511752,2.646252176684124,1.4219251863650375,-15.368907762579793
77,0.965282145752901,1.360358754014321,0.0,0.2191131036129124,-7.5132284096061825
78,0.6865346654133525,-1.3517189775093643,0.2349260081206948,0.1557709076523344,-0.7018464733896568
79,0.5187673506439388,-0.319277197462003,0.0,1.1584837050143342,-4.206093226021128
80,0.6865346654133525,1.8101776974454376,0.0621055760669248,0.0369978776642136,19.663737656099904
81,0.8873582908372794,1.4758663522474178,0.0,1.3219152905883973,-0.3863426425414938
82,0.3083126090173667,0.0425234388449934,0.0,1.1941757784042053,-4.773535132388645
83,0.5172054577501756,0.472085891331693,0.0,0.530861783277399,-0.6262790742460534
84,0.4602087779217937,-0.3222565451299722,0.0600979044416936,0.039618789442764,-4.19882643558915
85,0.3075509566779182,0.0112870194065521,0.3689769713351908,1.4219251863650375,9.243818795658438
86,0.3169333773223824,-1.2535402319050886,0.2010059084809578,0.5209822391835967,3.2676289768726443
87,0.3075509566779182,-0.6784720859223481,0.6063911919900068,0.5325464915562897,36.456812213138384
88,0.8481395720839711,-1.6885997638931312,0.354162611554277,0.2133912101507657,17.885255816841724
89,0.6865346654133525,-0.0342620296115301,0.0621055760669248,0.0369978776642136,21.968686822057727
90,0.3075509566779182,-0.2186326823697477,2.850058996801211,0.5325464915562897,34.53363473356218
91,0.4602087779217937,1.522183181926996,0.1158343137150959,0.039618789442764,-2.173235807074335
92,0.3075509566779182,-1.5981508930275483,0.6063911919900068,0.5325464915562897,17.113077048649348
93,0.9060764406798656,1.1238189385040362,0.0,0.0754116574581304,-10.677628386854614
94,0.8481395720839711,-1.2667846713955029,0.452066075649306,0.573833196752224,-11.252426998786218
95,0.3075509566779182,0.7010461247354525,3.5115105327108016,0.5325464915562897,10.996599944298696
96,0.4602087779217937,-0.5251967735221272,0.2678207724581605,0.8407061655323594,-5.825470366150918
97,0.8481395720839711,-0.2128191130772352,0.452066075649306,0.573833196752224,-4.798163275871538
98,0.6865346654133525,-0.297753419191097,0.3293920774666525,0.1557709076523344,14.817531835777006
99,0.6865346654133525,1.283194918286304,0.0621055760669248,0.0369978776642136,18.634256478856532
100,0.4602087779217937,-0.5251967735221272,0.1374400736069757,0.2582902042574097,-6.649824049374347
101,0.8481395720839711,-1.2667846713955029,0.2599562110838213,0.573833196752224,-14.384267784539912
102,0.7566043005913613,0.4684017870755441,0.0,0.0477270320244694,-7.738772864770523
103,0.8919306948044532,0.3481100427138201,0.0,1.353048670954431,5.536777693577427
104,0.3264328196669955,0.5368393111289366,0.0,1.710787061177789,11.3025161221605
105,0.3170355739893507,2.1967928388705094,0.0,1.5409689818987065,1.0781401584922217
106,0.8481395720839711,-0.4763105026568023,0.9487027799201916,1.4965302170758776,6.088021855837887
107,0.635020313994827,1.6745671063153251,0.0,1.594197777333281,-0.5942351590372433
108,0.4602087779217937,-0.2617053839425603,0.6475661693928549,1.93069352049984,-11.328017914774428
109,0.4602087779217937,-2.1061451109995284,0.1981121750292198,0.2582902042574097,20.70886903311394
110,0.8481395720839711,-1.1616169847339977,0.970394173780346,1.7504818965725644,5.853193593393734
111,0.7228938113682423,-0.6635666708854808,0.0,0.321417041710402,-0.9775549723622712
112,0.8873582908372794,-0.4508124348800078,0.0,1.3219152905883973,16.646707689459994
113,0.4602087779217937,-0.2617053839425603,0.2678207724581605,0.8407061655323594,-9.417545353711285
114,0.8481395720839711,-0.8981255951544307,0.7780043084242031,1.7504818965725644,-1.6577099212505302
115,0.635020313994827,1.0003958272143856,0.0,1.594197777333281,-0.9392850746308502
116,0.8481395720839711,-1.53027606097507,0.1812344701418377,0.0380208673998406,27.240097670572506
117,0.3075509566779182,0.7010461247354525,1.1820329266589709,0.5325464915562897,-9.854464039901483
118,0.7566043005913613,0.6408710474264874,0.0,0.0477270320244694,-10.856521280822689
119,0.6865346654133525,-1.0882275879297978,0.12649723987553,0.1557709076523344,-14.938989282894019
120,0.6865346654133525,-0.8247361983502309,0.9181007777908552,1.4750305459505522,8.889255418434832
121,0.3075509566779182,-0.6784720859223481,2.2249261385110337,1.4219251863650375,6.555063520788602
122,0.6865346654133525,1.5466863078658708,0.2349260081206948,0.1557709076523344,4.954604934363718
123,0.9464134992424948,1.2325059056198158,0.0,0.0578378457231829,-10.140372925090396
124,0.4602087779217937,1.319242953534841,0.4887305910382494,1.93069352049984,2.9726829033344826
125,0.6865346654133528,1.8217226067551,0.3631891067476675,0.3870003537430038,17.4233753990818
126,0.3169333773223824,-0.4630660631663877,0.0727923800199398,0.5209822391835967,-6.4788934289970035
127,0.883370327685985,0.9991897651627072,0.0,0.7175167409851995,0.21164065962323753
128,0.3075509566779182,-1.3682311912512484,0.0860400747975691,1.4219251863650375,-15.809957300397098
129,0.818763402403118,1.2989308049494142,0.0,0.3526115804066034,-4.098399193713035
130,0.3075509566779182,-0.6784720859223481,0.2535573345035666,0.5325464915562897,0.8100165136136452
131,0.4137103216028324,1.3610513307357408,0.0,0.4612049132328647,-3.7601963230053195
132,0.6865346654133528,-1.3401740681997028,0.1333082527947529,0.1004487368208759,-9.587920873366015
133,0.6865346654133525,-0.297753419191097,0.0621055760669248,0.0369978776642136,15.56015578662939
134,0.4602087779217937,-0.5251967735221272,0.1981121750292198,0.2582902042574097,2.5851397978840573
135,0.8481395720839711,-1.1616169847339977,0.970394173780346,1.7504818965725644,5.853193593184813
136,0.9437828052723104,1.1159859221319772,0.0,0.9930978172491992,-0.09662515249372972
137,0.6865346654133525,0.7562121391271703,0.2486331610011049,0.5617941964221977,12.971447600462186
138,0.6865346654133525,0.7562121391271703,0.4340161334486301,0.5617941964221977,4.95684016161092
139,0.6865346654133525,1.5466863078658708,0.2486331610011049,0.5617941964221977,9.935544877202245
140,0.4324401727845692,-0.0319664363747356,0.0,0.6016509498198112,-10.412248231796756
141,0.3075509566779182,0.7010461247354525,0.4487563345006237,0.5325464915562897,-1.8397391447571032
142,0.3169333773223824,-0.9900488423255212,0.2010059084809578,0.5209822391835967,11.678270170653011
143,0.3169333773223824,0.3274081055723129,0.2716021403030577,1.400570140386887,11.311369798275054
144,0.8481395720839711,-0.2128191130772356,0.3438050006741679,0.1598273454310751,-2.8281122164678534
145,0.6865346654133525,1.546686307865871,0.7326356131860069,1.4750305459505522,3.780056330193117
146,0.7440142295306753,1.2344038608088863,0.0,0.0517680163616311,-9.127983823631695
147,0.6865346654133525,1.8101776974454376,0.3293920774666525,0.1557709076523344,-1.4544341025608525
148,0.7440142295306753,1.7948086034203412,0.0,0.0517680163616311,-10.93332078291113
149,0.3075509566779182,0.930965826511752,1.1746539541030592,0.5325464915562897,-19.89028120258555
150,0.6865346654133528,-0.813191289040569,0.4762394972680774,1.1356958495311582,-10.585529119009228
151,0.6865346654133528,0.5042656588572656,0.6321417769162317,1.1356958495311582,-17.528655727085646
152,0.3075509566779182,-0.908391787698648,0.1030817631866166,0.5325464915562897,-12.982482723244216
153,0.4602087779217937,1.582734343114408,0.1452984831203329,0.8407061655323594,14.232873853302637
154,0.3169333773223824,-1.7805230110642218,0.2010059084809578,0.5209822391835967,6.720342498276186
155,0.3075509566779182,-0.6784720859223481,2.2249261385110337,1.4219251863650375,6.555063520819727
156,0.3169333773223824,1.1178822743110135,0.1474767154033145,1.400570140386887,1.8999474460246764
157,0.8481688880883836,1.0238147514519222,0.0,0.1201378016998203,-8.799249498251315
158,0.6865346654133528,1.558231217175533,0.1923246625298812,0.1004487368208759,21.992242200662155
159,0.6168767415475583,1.2658456688597937,0.0,0.5871140906859008,-0.3541126311275758
160,0.4602087779217937,1.522183181926996,0.1677414030486242,0.039618789442764,-2.1407861862132376
161,0.3075509566779182,-2.057990296580149,0.2055840996489066,1.4219251863650375,11.108944757870646
162,0.3075509566779182,0.7010461247354525,0.4487563345006237,0.5325464915562897,-1.839739144752853
163,0.9437828052723104,-0.400361567236111,0.0,0.9930978172491992,23.167507733816105
164,0.6865346654133525,1.5466863078658708,0.5796599574127385,0.5617941964221977,-9.970436983896986
165,0.3075509566779182,-1.3682311912512484,0.1189764484748943,0.5325464915562897,-8.907117919017288
166,0.8481395720839711,-0.6346342055748638,0.4649971851476233,0.7245400850551366,-21.75584028383772
167,0.6865346654133528,0.7677570484368325,0.4762394972680774,1.1356958495311582,9.330893751727892
168,0.867295437581007,-0.6762304103723806,0.0,0.154048743195067,6.6592080415937565
169,0.6865346654133528,0.2407742692776986,0.1923246625298812,0.1004487368208759,-36.77949329366825
170,0.4602087779217937,-1.8426537214199616,0.0716776860490968,0.2582902042574097,15.154406501680281
171,0.3169333773223824,-0.4630660631663877,0.2716021403030577,1.400570140386887,10.973357662593596
172,0.822627777676554,1.3616085800382094,0.0,1.964863050178557,-5.794520122052168
173,0.8481688880883836,0.4319589049430776,0.0,0.1201378016998203,-5.635427771081811
174,0.6865346654133525,1.283194918286304,0.1195958388173804,0.0369978776642136,16.751094013584954
175,0.6865346654133528,-0.813191289040569,0.1923246625298812,0.1004487368208759,-7.363575514093241
176,0.3169333773223824,0.5908994951518797,0.0727923800199398,0.5209822391835967,4.761840417315878
177,0.8292281755195285,0.9595787288491596,0.0,0.4376359444970355,-1.9709368192003387
178,0.4602087779217937,0.2652773952165733,0.1981121750292198,0.2582902042574097,-22.930994357533514
179,0.3169333773223824,1.3813736638905807,0.3782518428157593,1.400570140386887,-9.621210939774604
180,0.8139100277331918,1.192865837239198,0.0,1.7071429053887726,-1.7660499774756466
181,0.6865346654133525,2.337160476604572,0.4340161334486301,0.5617941964221977,-0.4769458152996519
182,0.3075509566779182,-0.6784720859223481,2.4972452338632696,1.4219251863650375,20.799703299920047
183,0.4602087779217937,0.2652773952165733,0.2678207724581605,0.8407061655323594,-24.068065577728934
184,0.6865346654133528,1.8217226067551,0.2752396006574315,1.1356958495311582,29.24192423326788
185,0.3856313476140027,-0.788340220267884,0.0,0.1460025492337953,-29.59542725501329
186,0.3169333773223824,-1.7805230110642218,0.2010059084809578,0.5209822391835967,6.720342496259734
187,0.3075509566779182,-0.6784720859223481,0.1189764484748943,0.5325464915562897,8.995696421797287
188,0.9464134992424948,0.6891330302873298,0.0,0.0578378457231829,-12.5834260307707
189,0.6865346654133525,1.2831949182863038,0.12649723987553,0.1557709076523344,13.01316022925633
190,0.4602087779217937,-0.788688163101694,0.2678207724581605,0.8407061655323594,-0.4600308699540468
191,0.4602087779217937,-0.7886881631016938,0.4887305910382494,1.93069352049984,0.7618665564495627
192,0.7536948048402631,1.7817990860609625,0.0,1.0283046211421285,-0.3388414641746973
193,0.3075509566779182,0.4711264229591526,0.4487563345006237,0.5325464915562897,3.1057488108611744
194,0.6865346654133525,1.0197035287067373,0.4601575571026752,1.4750305459505522,12.891823658111136
195,0.6865346654133525,-0.5612448087706641,0.1195958388173804,0.0369978776642136,22.84267369860912
196,0.3075509566779182,0.4711264229591526,0.2535573345035666,0.5325464915562897,8.33929907197326
197,0.3169333773223824,-0.9900488423255212,0.0727923800199398,0.5209822391835967,-19.65022116861642
198,0.4359186333320149,0.5765772035886414,0.0,0.4016923021466259,-3.052536919026357
199,0.8481395720839711,-0.8981255951544307,0.1370601476934167,0.2133912101507657,-24.51133330941693
200,0.3075509566779182,0.2412067211828522,3.1226847772946917,1.4219251863650375,23.522654500989862
201,0.6865346654133528,-0.2862085098814353,0.1923246625298812,0.1004487368208759,-17.660052783673066
202,0.6865346654133525,-0.8247361983502309,0.1195958388173804,0.0369978776642136,16.98211155207557
203,0.8481395720839711,-0.6346342055748638,0.970394173780346,1.7504818965725644,-7.565541414213681
204,0.4602087779217937,-0.5857479347095389,0.1158343137150959,0.039618789442764,7.520492321140383
205,0.4602087779217937,-0.5251967735221272,0.3732416246688015,0.8407061655323594,0.6412493107556329
206,0.4602087779217937,0.2652773952165733,0.2678207724581605,0.8407061655323594,-24.068065577737986
207,0.4602087779217937,0.4682176236087282,0.0600979044416936,0.039618789442764,1.4952192284265127
208,0.6865346654133525,0.7562121391271703,0.0621055760669248,0.0369978776642136,19.342306835562468
209,0.3075509566779182,0.4711264229591524,0.503560620250943,1.4219251863650375,8.073523061530391
210,0.818763402403118,1.1722795664827064,0.0,0.3526115804066034,-4.18889476841698
211,0.4602087779217937,0.0017860056370063,0.1374400736069757,0.2582902042574097,-14.481496807468854
212,0.6865346654133525,0.4927207495476034,0.1195958388173804,0.0369978776642136,19.496325812731275
213,0.3075509566779182,-2.2879099983564486,0.3689769713351908,1.4219251863650375,-2.7217063387711953
214,0.6865346654133525,0.2292293599680367,0.2486331610011049,0.5617941964221977,13.688552252749467
215,0.6865346654133525,2.0736690870250047,0.2349260081206948,0.1557709076523344,6.307554958427909
216,0.4602087779217937,-2.1061451109995284,0.1452984831203329,0.8407061655323594,24.213721496067798
217,0.2818648077966496,-0.9186348386025772,0.0,1.2809172498002015,-21.013235303487217
218,0.4233190507913653,1.4253769671890488,0.0,1.504075405457578,2.911422373726846
219,0.6865346654133528,-0.2862085098814353,0.1333082527947529,0.1004487368208759,-23.33729757458894
220,0.8481395720839711,-0.7398018922363693,0.4790564614040637,1.4965302170758776,-10.689030721361853
221,0.6168767415475583,0.1349725179734624,0.0,0.5871140906859008,-1.4983584956967961
222,0.5700090224286561,0.9989195997536302,0.0,0.6665757874446466,0.3383776755443389
223,0.6865346654133525,-0.0342620296115301,0.12649723987553,0.1557709076523344,16.27604035632993
224,0.3075509566779182,-0.4485523841460478,0.4487563345006237,0.5325464915562897,23.841242393160513
225,0.3075509566779182,-1.1383114894749482,0.9729925666863922,0.5325464915562897,-79.06470567903008
226,0.3075509566779182,-2.2879099983564486,1.1746539541030592,0.5325464915562897,-56.25648700470575
227,0.8139100277331918,-0.1643204397226218,0.0,1.7071429053887726,11.823297863011456
228,0.883370327685985,0.8633882240036455,0.0,0.7175167409851995,0.024728500458978227
229,0.3169333773223824,-2.307505790223356,0.2716021403030577,1.400570140386887,9.39252902958445
230,0.6865346654133525,2.0736690870250047,0.2486331610011049,0.5617941964221977,10.301238063179834
231,0.3075509566779182,-2.2879099983564486,0.041749232520072,0.5325464915562897,11.986422887538492
232,0.3169333773223824,1.3813736638905807,0.2716021403030577,1.400570140386887,-5.12423549948718
233,0.3169333773223824,0.0639167159927462,0.1474767154033145,1.400570140386887,6.709633948321339
234,0.4324401727845692,1.6801256301194485,0.0,0.6016509498198112,-2.0934253996617818
235,0.4602087779217937,1.582734343114408,0.3732416246688015,0.8407061655323594,3.600343976764652
236,0.9012843809893089,0.408804754119052,0.0,0.2076918290576972,-3.5308728257184114
237,0.8639384995107747,1.5833713379130647,0.0,0.2243555095955834,-7.256240152508735
238,0.3075509566779182,0.7010461247354525,1.1746539541030592,0.5325464915562897,-9.310595518139289
239,0.6865346654133528,-0.813191289040569,0.2752396006574315,1.1356958495311582,-18.45729498340418
240,0.6865346654133525,1.0197035287067373,0.4340161334486301,0.5617941964221977,2.365053922187594
241,0.3075509566779182,0.4711264229591526,0.4487563345006237,0.5325464915562897,3.105748810877584
242,0.6865346654133528,-1.6036654577792695,0.6321417769162317,1.1356958495311582,7.335190462431555
243,0.3169333773223824,-0.9900488423255216,0.1474767154033145,1.400570140386887,-9.296258843352573
244,0.4602087779217937,1.522183181926996,0.1158343137150959,0.039618789442764,-2.173235807069074
245,0.4602087779217937,-2.1061451109995284,0.1374400736069757,0.2582902042574097,12.67457147295575
246,0.4602087779217937,0.7922601743757071,0.4887305910382494,1.93069352049984,-4.7288019974035285
247,0.6865346654133528,1.294739827595966,0.1923246625298812,0.1004487368208759,17.37365814528869
248,0.3075509566779182,-1.8280705948038485,1.1746539541030592,0.5325464915562897,-26.527315588146266
249,0.3075509566779182,-1.3682311912512484,0.6063911919900068,0.5325464915562897,21.570429912746437
250,0.3075509566779182,-1.8280705948038485,0.6063911919900068,0.5325464915562897,10.559665557103484
251,0.8292281755195285,0.9163287450553428,0.0,0.4376359444970355,-1.2943750533927947
252,0.3075509566779182,0.2412067211828522,1.728053436637437,1.4219251863650375,-4.337714973210798
253,0.965282145752901,1.610794447616538,0.0,0.2191131036129124,-7.591777292271837
254,0.8481395720839711,-0.8981255951544307,0.4649971851476233,0.7245400850551366,-16.96360818300989
255,0.3075509566779182,-0.2186326823697477,0.0813448178040497,0.5325464915562897,1.77788614828828
256,0.4602087779217937,-1.0521795526812607,0.1981121750292198,0.2582902042574097,-5.761179979981512
257,0.6865346654133525,0.2292293599680365,0.2349260081206948,0.1557709076523344,12.26738530671225
258,0.3169333773223824,-0.1995746735868208,0.3782518428157593,1.400570140386887,14.066937589955433
259,0.3169333773223824,0.8543908847314469,0.2716021403030577,1.400570140386887,3.027422585721424
260,0.3169333773223824,-0.4630660631663877,0.2716021403030577,1.400570140386887,10.973357659538905
261,0.6865346654133528,1.8217226067551,0.1923246625298812,0.1004487368208759,26.70270364498868
262,0.4602087779217937,-1.8426537214199616,0.1981121750292198,0.2582902042574097,10.158168481434414
263,0.3856313476140027,1.9004786189064384,0.0,0.1460025492337953,-7.240884794009654
264,0.6865346654133528,-1.6036654577792695,0.3631891067476675,0.3870003537430038,5.4351814460481735
265,0.6168767415475583,1.2225956850659772,0.0,0.5871140906859008,-0.17715917890975955
266,0.8481395720839711,-0.2128191130772352,0.1812344701418377,0.0380208673998406,13.242839424697696
267,0.3856313476140027,1.9004786189064384,0.0,0.1460025492337953,-7.24088479400965
268,0.4137103216028324,1.1854187620925831,0.0,0.4612049132328647,-2.9449830421539196
269,0.3075509566779182,-2.2879099983564486,0.1189764484748943,0.5325464915562897,8.915726895776427
270,0.4324401727845692,0.7009210728347237,0.0,0.6016509498198112,-4.215933280195729
271,0.4602087779217937,-1.579162331840395,0.2678207724581605,0.8407061655323594,-0.9687833703414275
272,0.3075509566779182,0.0112870194065521,0.2767279372129013,0.5325464915562897,14.697972710949267
273,0.4602087779217937,-1.579162331840395,0.1452984831203329,0.8407061655323594,-10.846935734575867
274,0.7228938113682423,0.7974512364303465,0.0,0.321417041710402,-6.373605998295498
275,0.4602087779217937,1.055751563955274,0.3732416246688015,0.8407061655323594,-2.8519387685693265
276,0.8481395720839711,-1.4251083743135646,0.6182203994727272,0.7245400850551366,-2.3863130010941713
277,0.3075509566779182,-0.4485523841460478,1.4079392686288434,1.4219251863650375,20.212493081180995
278,0.8481395720839711,-0.7398018922363693,0.452066075649306,0.573833196752224,-8.196343837215363
279,0.6140177677206313,1.7327906972741596,0.0,0.4995553074145092,-2.448835243931376
280,0.4330755476953365,-0.8984122050774234,0.0,0.3340624208436267,-25.342431132074438
281,0.4359186333320149,1.1378722530437844,0.0,0.4016923021466259,-3.8554424732462236
282,0.4602087779217937,2.0491659610861297,0.1677414030486242,0.039618789442764,1.5590262864786675
283,0.3075509566779182,0.0112870194065521,0.0860400747975691,1.4219251863650375,1.3383817968610905
284,0.8481395720839711,-1.53027606097507,0.2456983943708728,0.1598273454310751,10.431448605610234
285,0.6865346654133528,-1.8671568473588365,0.2752396006574315,1.1356958495311582,25.339012185772848
286,0.3169333773223824,-0.7265574527459546,0.2716021403030577,1.400570140386887,14.361585777184112
287,0.3169333773223824,1.1178822743110135,0.2010059084809578,0.5209822391835967,-3.3459298373869086
288,0.8481395720839711,-0.8981255951544307,0.7780043084242031,1.7504818965725644,-1.6577099215112625
289,0.2818648077966496,-0.1975788699255554,0.0,1.2809172498002015,-15.468575371727965
290,0.6865346654133525,-0.297753419191097,0.4601575571026752,1.4750305459505522,4.022145539383551
291,0.8481395720839711,-1.1616169847339977,0.1871489076946566,0.0518227857687569,-6.324751183289421
292,0.8481395720839711,-0.4763105026568023,0.1254098952495147,0.0380208673998406,8.44431095390299
293,0.635020313994827,1.6434361877201522,0.0,1.594197777333281,-1.0308144635587633
294,0.3169333773223824,-1.5170316214846555,0.3782518428157593,1.400570140386887,8.026634746513155
295,0.6865346654133528,-1.3401740681997028,0.1923246625298812,0.1004487368208759,-4.510785580896696
296,0.3169333773223824,-0.1995746735868208,0.1474767154033145,1.400570140386887,0.838649435000563
297,0.6865346654133525,-1.0882275879297978,0.1195958388173804,0.0369978776642136,3.347015454532527
298,0.8382899260200787,1.026469507360574,0.0,0.0694797711705642,-10.043149852018919
299,0.3856313476140027,1.6351974831438243,0.0,0.1460025492337953,-7.6783047767794415
300,0.6865346654133525,-0.0342620296115301,0.0621055760669248,0.0369978776642136,21.96868685689029
301,0.6865346654133528,1.5582312171755328,0.4762394972680774,1.1356958495311582,21.757875734256046
302,0.6865346654133525,1.283194918286304,0.4601575571026752,1.4750305459505522,10.281730350752902
303,0.3075509566779182,-0.908391787698648,2.5555627259397378,0.5325464915562897,2.5352073392460213
304,0.6865346654133528,-1.6036654577792695,0.2602478683114381,0.3870003537430038,3.427930598871779
305,0.6865346654133525,-0.297753419191097,0.4601575571026752,1.4750305459505522,4.02214553934431
306,0.8481395720839711,-1.6885997638931312,0.354162611554277,0.2133912101507657,17.885255816694446
307,0.6865346654133525,1.8101776974454376,0.0621055760669248,0.0369978776642136,19.663737645858827
308,0.4602087779217937,0.2652773952165733,0.6475661693928549,1.93069352049984,-17.617630492168356
309,0.4602087779217937,0.2652773952165733,0.2678207724581605,0.8407061655323594,-24.068065577788786
310,0.3075509566779182,-1.1383114894749482,0.5855841702586767,0.5325464915562897,-50.83789034024512
311,0.3075509566779182,-1.8280705948038485,0.1946045289582096,0.5325464915562897,-3.533137859852185
312,0.3826978125574209,2.104112755330799,0.0,0.1469007378377907,-7.232715411792577
313,0.8919306948044532,0.1756407823628771,0.0,1.353048670954431,4.283247173762213
314,0.6865346654133525,-0.8247361983502309,0.5796599574127385,0.5617941964221977,6.114532793854632
315,0.8664760052119581,1.4951659823007164,0.0,0.9843056196807084,1.0426312594877796
316,0.4602087779217937,1.055751563955274,0.3732416246688015,0.8407061655323594,-2.8519387685693314
317,0.3075509566779182,-0.6784720859223481,1.1820329266589709,0.5325464915562897,-36.77745228707749
318,0.3075509566779182,-0.9083917876986484,0.9729925666863922,0.5325464915562897,-48.52679688273765
319,0.8481395720839711,-0.6346342055748638,0.1296189792253738,0.0518227857687569,-11.616057779028337
320,0.6005221693824834,-1.2784473876255529,0.0,0.1200002023664625,-18.48317575771934
321,0.3075509566779182,0.7010461247354525,4.0263503513137,1.4219251863650375,5.091518191332158
322,0.3169333773223824,0.3274081055723132,0.0727923800199398,0.5209822391835967,7.5553405716190145
323,0.3075509566779182,-2.057990296580149,0.1189764484748943,0.5325464915562897,5.467747824074887
324,0.9060764406798656,-1.073405638832183,0.0,0.0754116574581304,-1.8356153802390256
325,0.6865346654133525,0.2292293599680365,0.1730481209816355,0.0369978776642136,20.378756105556846
326,0.6865346654133528,1.8217226067551,0.1409466655735805,0.3870003537430038,27.52943244947079
327,0.3169333773223824,-2.044014400643789,0.0727923800199398,0.5209822391835967,10.318626316110683
328,0.4602087779217937,-1.579162331840395,0.6475661693928549,1.93069352049984,4.6661589609356575
329,0.6005221693824834,0.2674771190862217,0.0,0.1200002023664625,-6.742764590004998
330,0.2942316774924592,0.9365958881156116,0.0,0.7955394559857065,3.7411178231628326
331,0.9103418449541432,1.1596719542069376,0.0,0.4489446007545539,-3.150471164492133
332,0.4330755476953365,-0.8984122050774234,0.0,0.3340624208436267,-25.342431132074477
333,0.6865346654133525,-0.297753419191097,0.4601575571026752,1.4750305459505522,4.0221455393669
334,0.6865346654133528,-1.8671568473588365,0.2602478683114381,0.3870003537430038,17.784597139249026
335,0.6865346654133528,-1.0766826786201358,0.2602478683114381,0.3870003537430038,-22.133558534275544
336,0.8664760052119581,1.149347883261266,0.0,0.9843056196807084,0.1822566240363755
337,0.6865346654133525,-0.0342620296115301,0.2349260081206948,0.1557709076523344,16.553613480800692
338,0.6865346654133525,1.283194918286304,0.1730481209816355,0.0369978776642136,14.392158442416667
339,0.6865346654133525,-0.8247361983502309,0.9181007777908552,1.4750305459505522,8.889255418804671
340,0.3075509566779182,-1.1383114894749482,0.0860400747975691,1.4219251863650375,-18.544269304063356
341,0.3169333773223824,0.3274081055723132,0.1395085309732116,0.5209822391835967,9.229654242000137
342,0.4137103216028324,-0.2755991452232441,0.0,0.4612049132328647,-19.807798273246135
343,0.3169333773223824,-0.7265574527459546,0.0727923800199398,0.5209822391835967,-6.814061794344873
344,0.6865346654133525,0.4927207495476034,0.4601575571026752,1.4750305459505522,11.973451105963571
345,0.8481395720839711,-1.003293281815936,0.4790564614040637,1.4965302170758776,-17.243524501987462
346,0.9464134992424948,0.8027302080110352,0.0,0.0578378457231829,-12.949952945424796
347,0.3075509566779182,0.930965826511752,4.90492540437354,1.4219251863650375,-7.914566823269116
348,0.8919306948044532,-0.6560925614832149,0.0,1.353048670954431,19.315870410193767
349,0.4602087779217937,0.4682176236087282,0.0600979044416936,0.039618789442764,1.4952192617741922
350,0.2818648077966496,0.8444145247430463,0.0,1.2809172498002015,6.49161744464539
351,0.3169333773223824,-1.5170316214846555,0.1474767154033145,1.400570140386887,-12.519647306063261
352,0.6865346654133528,-1.0766826786201358,0.1923246625298812,0.1004487368208759,-13.88372644447227
353,0.3075509566779182,-0.2186326823697478,2.2249261385110337,1.4219251863650375,2.7632665367388216
354,0.822627777676554,0.7130657057150178,0.0,1.964863050178557,-6.524175428891525
355,0.6865346654133528,1.031248438016399,0.2602478683114381,0.3870003537430038,13.24712114642869
356,0.4330755476953365,0.2988716110977159,0.0,0.3340624208436267,-1.6847071524497392
357,0.3075509566779182,-0.2186326823697478,2.2249261385110337,1.4219251863650375,2.7632665367331732
358,0.4602087779217937,2.3126573506656967,0.0600979044416936,0.039618789442764,0.15960409729907388
359,0.4602087779217937,-0.7886881631016938,0.4887305910382494,1.93069352049984,0.7618665545579049
360,0.6005221693824834,0.1268951684650324,0.0,0.1200002023664625,-8.194950538339791
361,0.4137103216028324,1.825165165925413,0.0,0.4612049132328647,-3.6804118380540163
362,0.3743352541108471,1.6470573826836608,0.0,0.0620548704326,-8.884961284072148
363,0.3075509566779182,-1.1383114894749482,2.5555627259397378,0.5325464915562897,-21.111481687353088
364,0.3658604819865789,0.1621424770322918,0.0,1.054254947719134,0.31113915061397945
365,0.3075509566779182,-1.5981508930275483,0.3689769713351908,1.4219251863650375,-2.4087270611100866
366,0.4602087779217937,-0.5857479347095389,0.0600979044416936,0.039618789442764,-9.06005530417874
367,0.3169333773223824,-2.307505790223356,0.1474767154033145,1.400570140386887,19.82433362293304
368,0.7077045408756231,-1.7604217995588078,0.0,1.0664164437778416,46.04798768582856
369,0.3169333773223824,1.1178822743110135,0.2010059084809578,0.5209822391835967,-3.3459298200827496
370,0.3075509566779182,-2.2879099983564486,0.1633045557227798,1.4219251863650375,14.233311148919855
371,0.3075509566779182,0.930965826511752,0.9842795099269304,1.4219251863650375,-13.966126744849076
372,0.4602087779217937,-1.579162331840395,0.1981121750292198,0.2582902042574097,2.1831539313957613
373,0.8292281755195285,1.501656896119255,0.0,0.4376359444970355,-2.45374696378671
374,0.883370327685985,-0.0084507452996756,0.0,0.7175167409851995,12.217992305460793
375,0.8481395720839711,-1.1616169847339977,0.7780043084242031,1.7504818965725644,-8.204930221686974
376,0.3169333773223824,-0.1995746735868208,0.2010059084809578,0.5209822391835967,18.56300007655822
377,0.4602087779217937,0.4682176236087282,0.1158343137150959,0.039618789442764,6.2009391322387595
378,0.4602087779217937,0.4682176236087282,0.0600979044416936,0.039618789442764,1.4952192284121246
379,0.6865346654133525,-0.297753419191097,0.1195958388173804,0.0369978776642136,25.9178497555652
380,0.3075509566779182,0.930965826511752,0.9322666700231392,0.5325464915562897,-18.705005801383503
381,0.8481395720839711,-1.1616169847339977,0.7780043084242031,1.7504818965725644,-8.204930221596374
382,0.8481395720839711,-1.53027606097507,0.3438050006741679,0.1598273454310751,12.363404505771198
383,0.4602087779217937,0.2652773952165733,0.6475661693928549,1.93069352049984,-17.617630493235406
384,0.7454462376631255,0.3871522329595941,0.0,1.6403769974956126,5.898613752300718
385,0.6865346654133528,1.031248438016399,0.6321417769162317,1.1356958495311582,11.348275218566545
386,0.3658604819865789,0.9242825290791886,0.0,1.054254947719134,5.852359979117184
387,0.6865346654133525,2.0736690870250047,0.2486331610011049,0.5617941964221977,10.301238063187284
388,0.7614145762326211,1.2339285146264165,0.0,0.6476778900406569,0.3731665980528418
389,0.3075509566779182,0.7010461247354525,3.000757583380984,0.5325464915562897,-20.892707779703404
390,0.7440142295306753,1.3589168086814691,0.0,0.0517680163616311,-10.810623074333005
391,0.7077045408756231,-0.5187086672500241,0.0,1.0664164437778416,5.091065202644626
392,0.8388132294134072,1.2247390488063514,0.0,0.0981241992849217,-8.654690500669124
393,0.8481395720839711,-0.1076514264157302,0.970394173780346,1.7504818965725644,-6.8920160974056515
394,0.4602087779217937,-1.0521795526812607,0.1981121750292198,0.2582902042574097,-5.761179982025703
395,0.3075509566779182,-1.3682311912512484,0.1946045289582096,0.5325464915562897,-5.628676362814221
396,0.8481395720839711,-0.7398018922363693,0.9487027799201916,1.4965302170758776,5.348682213523728
397,0.8139100277331918,1.3195170757059065,0.0,1.7071429053887726,-2.217512699503311
398,0.5408068957473645,1.627953121376786,0.0,0.6338252293932857,-2.137309002203975
399,0.4602087779217937,2.576148740245263,0.0600979044416936,0.039618789442764,2.213318856360932
400,0.9012843809893089,0.8996297111783731,0.0,0.2076918290576972,-5.39819983505582
401,0.3075509566779182,0.930965826511752,0.041749232520072,0.5325464915562897,3.935667921949423
402,0.8481395720839711,-1.6885997638931312,0.1296189792253738,0.0518227857687569,28.369804345775496
403,0.8481395720839711,-1.0032932818159364,0.1326250898093557,0.1598273454310751,-17.64957081297186
404,0.8481395720839711,-1.003293281815936,0.1254098952495147,0.0380208673998406,-2.697895395351362
405,0.8382899260200787,-0.2728134767696871,0.0,0.0694797711705642,3.1501166508194536
406,0.6865346654133525,-0.0342620296115301,0.5796599574127385,0.5617941964221977,3.826294179834753
407,0.8481395720839711,-0.4763105026568023,0.3438050006741679,0.1598273454310751,-2.7481299744250403
408,0.8292281755195285,1.4511729906872626,0.0,0.4376359444970355,-3.1167577942852156
409,0.6865346654133525,1.8101776974454376,0.4340161334486301,0.5617941964221977,-1.6737430017395893
410,0.6865346654133525,1.5466863078658708,0.2349260081206948,0.1557709076523344,4.954604934343247
411,0.6865346654133528,0.7677570484368325,0.1923246625298812,0.1004487368208759,7.746094738971876
412,0.4602087779217937,0.5287687847961404,0.0716776860490968,0.2582902042574097,-6.662751651766047
413,0.6865346654133525,0.2292293599680365,0.2349260081206948,0.1557709076523344,12.267385306712258
414,0.4602087779217937,-1.315670942260828,0.4887305910382494,1.93069352049984,-4.066904464444623
415,0.635020313994827,1.16629250434094,0.0,1.594197777333281,-0.959574136949909
416,0.6865346654133525,1.8101776974454376,0.3293920774666525,0.1557709076523344,-1.4544341025463459
417,0.3075509566779182,0.0112870194065521,3.5115105327108016,0.5325464915562897,0.18162505168285265
418,0.3169333773223824,-0.7265574527459546,0.2716021403030577,1.400570140386887,14.361585775932774
419,0.8952129002947324,0.8349311327731473,0.0,1.2398839323916695,-2.0561025443018273
420,0.3169333773223824,-0.4630660631663877,0.1395085309732116,0.5209822391835967,11.080454459851937
421,0.6865346654133528,-0.813191289040569,0.3631891067476675,0.3870003537430038,-12.104007373931829
422,0.8481395720839711,-0.1076514264157302,0.1296189792253738,0.0518227857687569,-16.50213433718235
423,0.8139100277331918,0.7287520020495261,0.0,1.7071429053887726,-3.769988583172163
424,0.6861918615443852,1.6475869555246545,0.0,0.4708362778057122,-3.2834331368406255
425,0.6865346654133525,1.283194918286304,0.9181007777908552,1.4750305459505522,2.3084036921661055
426,0.3075509566779182,-0.908391787698648,0.1189764484748943,0.5325464915562897,2.187845828999747
427,0.9284713177220044,0.3147954356479868,0.0,1.4710633582842236,3.0838243801716607
428,0.4602087779217937,-1.579162331840395,0.2678207724581605,0.8407061655323594,-0.9687833724592431
429,0.8481395720839711,-1.2667846713955029,0.0652156893725702,0.0380208673998406,-5.81668558388198
430,0.822627777676554,0.5374331370718598,0.0,1.964863050178557,1.3032179344132018
431,0.3075509566779182,-0.2186326823697478,0.7705681564894862,1.4219251863650375,10.086126098394034
432,0.3264328196669955,-0.3818015980901721,0.0,1.710787061177789,-13.382788714787827
433,0.8481395720839711,-1.53027606097507,0.0652156893725702,0.0380208673998406,13.870566221268
434,0.3075509566779182,0.7010461247354525,1.728053436637437,1.4219251863650375,-12.491377185279902
435,0.6865346654133525,2.337160476604572,0.4340161334486301,0.5617941964221977,-0.4769458151656364
436,0.6865346654133525,-1.0882275879297978,0.1730481209816355,0.0369978776642136,12.883672210151493
437,0.4330755476953365,0.656217470861682,0.0,0.3340624208436267,-5.452193561662551
438,0.2942316774924592,0.5389862799477564,0.0,0.7955394559857065,1.60944946457533
439,0.6865346654133528,0.7677570484368325,0.2752396006574315,1.1356958495311582,9.94488849613757
440,0.4602087779217937,-1.315670942260828,0.1981121750292198,0.2582902042574097,-3.8735879297193923
441,0.6865346654133525,-0.8247361983502309,0.0621055760669248,0.0369978776642136,3.2946234736768325
442,0.3974126416762065,-0.5776924974073125,0.0,0.9008204693509722,-21.3149492939757
443,0.8919306948044532,1.3277009054743998,0.0,1.353048670954431,-1.0539689895217006
444,0.7566043005913613,0.6408710474264874,0.0,0.0477270320244694,-10.85652128086602
445,0.6861918615443852,1.6777779278038,0.0,0.4708362778057122,-2.96691239944835
446,0.3075509566779182,-0.908391787698648,1.955093483490492,0.5325464915562897,60.85783623459655
447,0.4602087779217937,1.582734343114408,0.4887305910382494,1.93069352049984,6.52855705421485
448,0.4602087779217937,-0.5251967735221272,0.2678207724581605,0.8407061655323594,-5.825470365971436
449,0.3169333773223824,-1.5170316214846555,0.1395085309732116,0.5209822391835967,-4.435748378291885
450,0.8481395720839711,-1.1616169847339977,0.970394173780346,1.7504818965725644,5.853193592830064
451,0.8481395720839711,-1.4251083743135646,0.1296189792253738,0.0518227857687569,7.088597964136647
452,0.3075509566779182,0.0112870194065521,0.3689769713351908,1.4219251863650375,9.243818795581094
453,0.3075509566779182,-1.5981508930275483,0.975497500273141,1.4219251863650375,-27.887036253180124
454,0.3264328196669955,0.8826574101683871,0.0,1.710787061177789,11.739858379089792
455,0.6865346654133525,2.337160476604572,0.9181007777908552,1.4750305459505522,0.5128510261357371
456,0.6865346654133525,0.4927207495476034,0.7326356131860069,1.4750305459505522,11.68687324513423
457,0.6865346654133528,0.7677570484368322,0.2602478683114381,0.3870003537430038,5.8569032583693375
458,0.6865346654133525,1.8101776974454376,0.2349260081206948,0.1557709076523344,5.1870329455468696
459,0.6865346654133528,1.294739827595966,0.2752396006574315,1.1356958495311582,20.57607349234
460,0.7440142295306753,1.6306182091448995,0.0,0.0517680163616311,-10.88187585301898
461,0.2942316774924592,-0.4785004639079849,0.0,0.7955394559857065,-25.868054867524396
462,0.8481395720839711,-1.003293281815936,0.6021612352861141,0.573833196752224,-11.423525479736744
463,0.3839791356628784,1.5295325102464477,0.0,1.33006414419186,3.125783370317115
464,0.4602087779217937,0.0017860056370063,0.1374400736069757,0.2582902042574097,-14.481496818488013
465,0.6865346654133525,-0.5612448087706641,0.7326356131860069,1.4750305459505522,-1.2613688295270113
466,0.4602087779217937,0.0017860056370063,0.2678207724581605,0.8407061655323594,-16.09037656228199
467,0.5187673506439388,0.4601980665864394,0.0,1.1584837050143342,5.921187739215319
468,0.3169333773223824,0.5908994951518797,0.0727923800199398,0.5209822391835967,4.761840393035792
469,0.940415733282327,1.574212937430649,0.0,0.6255319967413228,-1.219874422309095
470,0.6865346654133528,1.8217226067551,0.1923246625298812,0.1004487368208759,26.702703700649828
471,0.6865346654133528,-1.0766826786201358,0.6321417769162317,1.1356958495311582,-7.54604008375626
472,0.3075509566779182,-1.5981508930275483,0.4487563345006237,0.5325464915562897,-6.1647133800060425
473,0.8828797400271784,-0.4950089554800405,0.0,1.8329228788620788,6.924516086373852
474,0.7536948048402631,-0.0068107742641961,0.0,1.0283046211421285,5.703106802507411
475,0.4602087779217937,2.576148740245263,0.0600979044416936,0.039618789442764,2.1189713797670624
476,0.6865346654133525,1.2831949182863038,0.2349260081206948,0.1557709076523344,5.180150501729391
477,0.4330755476953365,1.0020355699011323,0.0,0.3340624208436267,-3.5300931588144477
478,0.8481395720839711,-0.4763105026568023,0.1326250898093557,0.1598273454310751,-9.271374541719458
479,0.6865346654133528,1.558231217175533,0.1923246625298812,0.1004487368208759,21.9922422006952
480,0.4330755476953365,1.0282665820500023,0.0,0.3340624208436267,-4.032769242701723
481,0.6865346654133528,1.031248438016399,0.1333082527947529,0.1004487368208759,17.821671029108362
482,0.6865346654133528,-0.5496998994610022,0.3631891067476675,0.3870003537430038,-18.53819907130218
483,0.3075509566779182,0.2412067211828522,0.4724276995985427,1.4219251863650375,4.508420078900031
484,0.3075509566779182,0.7010461247354525,0.5855841702586767,0.5325464915562897,-5.441526990607289
485,0.6140177677206313,1.620391812127123,0.0,0.4995553074145092,-2.8718948080318927
486,0.3264328196669955,0.934448919296792,0.0,1.710787061177789,10.786726414250994
487,0.3075509566779182,0.930965826511752,1.6620862458791756,0.5325464915562897,-14.690066384275312
488,0.6865346654133525,2.0736690870250047,0.1195958388173804,0.0369978776642136,20.909443318585396
489,0.3075509566779182,-0.4485523841460478,0.9322666700231392,0.5325464915562897,30.297273487701368
490,0.635020313994827,-1.3250039435458312,0.0,1.594197777333281,-1.2802129884063047
491,0.7440142295306753,1.2344038608088863,0.0,0.0517680163616311,-9.12798382366938
492,0.4137103216028324,1.7183971904997069,0.0,0.4612049132328647,-2.9424690574501122
493,0.3658604819865789,0.669956050328291,0.0,1.054254947719134,1.8868979820931802
494,0.3075509566779182,-1.1383114894749482,0.6063911919900068,0.5325464915562897,26.90207393051884
495,0.3075509566779182,0.0112870194065521,0.1946045289582096,0.5325464915562897,11.864457592302047
496,0.4602087779217937,0.7922601743757071,0.4887305910382494,1.93069352049984,-4.728801997134754
497,0.3169333773223824,1.1178822743110135,0.2010059084809578,0.5209822391835967,-3.345929787147628
498,0.4602087779217937,1.258691792347429,0.0600979044416936,0.039618789442764,-1.9205551602157387
499,0.8481395720839711,-0.8981255951544307,0.7780043084242031,1.7504818965725644,-1.657709922822573
500,0.8481395720839711,-1.1616169847339977,0.2534639407622203,0.2133912101507657,-19.653819401331777
501,0.3083126090173667,-0.0856517545790039,0.0,1.1941757784042053,-10.974310852561066
502,0.3169333773223824,-0.9900488423255216,0.2716021403030577,1.400570140386887,7.195197608709664
503,0.2942316774924592,0.3761911455041568,0.0,0.7955394559857065,5.635618211432453
504,0.6865346654133528,-1.6036654577792695,0.6321417769162317,1.1356958495311582,7.335190462443608
505,0.3169333773223824,-0.4630660631663877,0.1474767154033145,1.400570140386887,-2.611387032676231
506,0.6865346654133525,0.2292293599680365,0.4601575571026752,1.4750305459505522,16.93081524999224
507,0.6865346654133528,1.558231217175533,0.1333082527947529,0.1004487368208759,25.623926663699983
508,0.3658604819865789,-1.1172887385452377,0.0,1.054254947719134,-25.531523127046853
509,0.4602087779217937,1.055751563955274,0.2678207724581605,0.8407061655323594,2.566714334331895
510,0.6865346654133525,2.337160476604572,0.1730481209816355,0.0369978776642136,24.39233910861284
511,0.8481395720839711,-0.4763105026568023,0.9487027799201916,1.4965302170758776,6.0880218555632934
512,0.3169333773223824,-0.9900488423255216,0.1474767154033145,1.400570140386887,-9.29625884310563
513,0.3169333773223824,0.5908994951518797,0.0727923800199398,0.5209822391835967,4.761840624195332
514,0.3169333773223824,-2.3075057902233564,0.1395085309732116,0.5209822391835967,6.190262785858488
515,0.4602087779217937,1.319242953534841,0.6475661693928549,1.93069352049984,-3.220893941560915
516,0.8382899260200787,1.2818161991694184,0.0,0.0694797711705642,-9.81699835918273
517,0.3075509566779182,-1.8280705948038485,1.1820329266589709,0.5325464915562897,33.32774882941214
518,0.8481395720839711,-0.6346342055748638,0.1296189792253738,0.0518227857687569,-11.61605778638181
519,0.3169333773223824,-0.7265574527459546,0.1474767154033145,1.400570140386887,-0.182015654712222
520,0.6861918615443852,1.6777779278038,0.0,0.4708362778057122,-2.966912399448355
521,0.6865346654133528,-0.2862085098814353,0.3631891067476675,0.3870003537430038,-24.81786359224867
522,0.3075509566779182,-0.4485523841460478,0.3689769713351908,1.4219251863650375,12.087520450436848
523,0.4602087779217937,-1.8426537214199616,0.0716776860490968,0.2582902042574097,15.154406513277012
524,0.3169333773223824,-0.1995746735868208,0.2716021403030577,1.400570140386887,10.585430239567655
525,0.4602087779217937,-0.8492393242891059,0.1677414030486242,0.039618789442764,11.753535147113222
526,0.8481395720839711,-0.8981255951544307,0.1871489076946566,0.0518227857687569,-5.427364128326806
527,0.6865346654133525,2.0736690870250047,0.9181007777908552,1.4750305459505522,0.1462366528651668
528,0.3075509566779182,0.2412067211828522,0.041749232520072,0.5325464915562897,2.157663895142299
529,0.8172267179049517,1.1203311789580093,0.0,0.6078673453864462,-1.8426775779936453
530,0.3075509566779182,-0.2186326823697479,0.9729925666863922,0.5325464915562897,1.4519645375808188
531,0.3169333773223824,0.3274081055723132,0.1395085309732116,0.5209822391835967,9.229654219622278
532,0.6865346654133525,2.0736690870250047,0.12649723987553,0.1557709076523344,13.67488680155711
533,0.4602087779217937,1.055751563955274,0.2678207724581605,0.8407061655323594,2.5667143247381046
534,0.6865346654133528,1.558231217175533,0.3631891067476675,0.3870003537430038,13.209466324800678
535,0.6865346654133528,-1.6036654577792695,0.4762394972680774,1.1356958495311582,1.9901523005577144
536,0.867295437581007,0.8661432714811739,0.0,0.154048743195067,-7.677499966589437
537,0.7440142295306753,1.4340695310608136,0.0,0.0517680163616311,-10.696541730167201
538,0.6865346654133525,-0.0342620296115301,0.7326356131860069,1.4750305459505522,9.512775573009145
539,0.8481395720839711,-1.4251083743135646,0.6182203994727272,0.7245400850551366,-2.386313001105851
540,0.3075509566779182,-1.3682311912512484,1.955093483490492,0.5325464915562897,5.7097083786517855
541,0.6865346654133525,0.7562121391271703,0.4340161334486301,0.5617941964221977,4.956840161243274
542,0.3743352541108471,2.112420632372894,0.0,0.0620548704326,-8.88398918553792
543,0.356274952972229,-0.2459445905433778,0.0,1.9441139309133748,-5.396180364701732
544,0.3170355739893507,-0.9453680684168304,0.0,1.5409689818987065,-28.43219278315962
545,0.8481395720839711,-0.8981255951544307,0.1871489076946566,0.0518227857687569,-5.427364127883202
546,0.4602087779217937,0.5287687847961403,0.1452984831203329,0.8407061655323594,-3.671255910977941
547,0.3170355739893507,2.1967928388705094,0.0,1.5409689818987065,1.078140158545524
548,0.822627777676554,0.6578792901477271,0.0,1.964863050178557,-3.7244993947801963
549,0.3075509566779182,-1.5981508930275483,1.955093483490492,0.5325464915562897,-23.03545450198451
550,0.2942316774924592,0.0680432424600847,0.0,0.7955394559857065,-7.629104263355153
551,0.3075509566779182,0.0112870194065521,1.675509288349959,1.4219251863650375,4.5059551705525465
552,0.8952129002947324,1.0618890561628278,0.0,1.2398839323916695,-0.9846684790165422
553,0.3075509566779182,-0.908391787698648,1.4079392686288434,1.4219251863650375,30.850403340123144
554,0.7614145762326211,1.484114274615948,0.0,0.6476778900406569,-0.4958941653292237
555,0.3075509566779182,-2.057990296580149,0.2767279372129013,0.5325464915562897,7.211280230606188
556,0.8828797400271784,1.047364726373514,0.0,1.8329228788620788,-8.616760365979188
557,0.7454462376631255,1.3320885629107135,0.0,1.6403769974956126,-0.39309417668394275
558,0.3856313476140027,1.0574864702304467,0.0,0.1460025492337953,-7.193684810018786
559,0.4965446331877741,0.1711996206719717,0.0,0.2755381607940015,-6.357970363401914
560,0.6865346654133525,-0.5612448087706641,0.2349260081206948,0.1557709076523344,12.167335435841501
561,0.5408068957473645,1.9886921937363136,0.0,0.6338252293932857,-1.1952337414688203
562,0.9464134992424948,1.0819876308035643,0.0,0.0578378457231829,-11.259284010484894
563,0.6865346654133528,0.5042656588572656,0.1333082527947529,0.1004487368208759,-10.106460151936398
564,0.4602087779217937,-1.579162331840395,0.3732416246688015,0.8407061655323594,5.308069591204799
565,0.3075509566779182,-1.1383114894749482,0.2767279372129013,0.5325464915562897,9.209123196832614
566,0.8388132294134072,1.398459824827707,0.0,0.0981241992849217,-10.129483088976562
567,0.5700090224286561,-0.4235960248005788,0.0,0.6665757874446466,-6.569201282577222
568,0.4602087779217937,-0.525196773522127,0.6475661693928549,1.93069352049984,-8.002401392150958
569,0.6865346654133525,0.7562121391271703,0.1730481209816355,0.0369978776642136,16.216313088905576
570,0.4602087779217937,1.055751563955274,0.2678207724581605,0.8407061655323594,2.566714330551366
571,0.3170355739893507,1.3179963114239346,0.0,1.5409689818987065,1.2295322483895945
572,0.3075509566779182,-0.908391787698648,0.4487563345006237,0.5325464915562897,23.932013782952446
573,0.5408068957473645,1.233736725804492,0.0,0.6338252293932857,-0.18102173717002465
574,0.7077045408756231,1.3548014519967233,0.0,1.0664164437778416,1.2144059659249646
575,0.3075509566779182,0.7010461247354525,5.06363960843519,1.4219251863650375,14.572665117472518
576,0.3075509566779182,-1.8280705948038485,0.0860400747975691,1.4219251863650375,-1.561456635912616
577,0.6865346654133525,-0.297753419191097,0.4340161334486301,0.5617941964221977,9.451267507090698
578,0.8481395720839711,-1.2667846713955029,0.1812344701418377,0.0380208673998406,10.836916562724412
579,0.5187673506439388,0.6757944122652662,0.0,1.1584837050143342,2.133115824036444
580,0.4602087779217937,-1.579162331840395,0.2831900886011236,1.93069352049984,-7.42861229298094
581,0.4602087779217937,-1.0521795526812607,0.1374400736069757,0.2582902042574097,-15.040872300342842
582,0.6865346654133525,-0.5612448087706641,0.9181007777908552,1.4750305459505522,3.647431145464402
583,0.6168767415475583,0.3679040756538352,0.0,0.5871140906859008,2.917763403073833
584,0.6865346654133525,-1.3517189775093648,0.5796599574127385,0.5617941964221977,-4.102335601818525
585,0.3075509566779182,-0.4485523841460478,3.1226847772946917,1.4219251863650375,-29.390029099222076
586,0.4602087779217937,1.055751563955274,0.4887305910382494,1.93069352049984,0.8094439551475175
587,0.7228938113682423,1.702478776025791,0.0,0.321417041710402,-4.526878885456574
588,0.6865346654133525,1.546686307865871,0.7326356131860069,1.4750305459505522,3.7800563301718317
589,0.6865346654133525,-1.3517189775093643,0.12649723987553,0.1557709076523344,-10.535884530559532
590,0.4602087779217937,0.995200402767862,0.1677414030486242,0.039618789442764,0.6770257302728783
591,0.8410880915504508,1.5679394870177996,0.0,0.1691603932766366,-8.326544086407258
592,0.4602087779217937,0.7317090131882952,0.0600979044416936,0.039618789442764,1.3592120722780652
593,0.6865346654133528,-0.813191289040569,0.2602478683114381,0.3870003537430038,-16.517754989587388
594,0.3075509566779182,0.7010461247354525,0.1633045557227798,1.4219251863650375,6.12855423158448
595,0.3075509566779182,-1.3682311912512484,1.1746539541030592,0.5325464915562897,32.6144712106012
596,0.8481395720839711,-0.2128191130772353,0.4790564614040637,1.4965302170758776,-2.5970848621569727
597,0.3075509566779182,0.7010461247354525,0.975497500273141,1.4219251863650375,-3.9800334887674422
598,0.3169333773223824,-1.7805230110642218,0.1395085309732116,0.5209822391835967,-2.076177197488819
599,0.3075509566779182,0.2412067211828522,1.1820329266589709,0.5325464915562897,-13.79156571503411
600,0.3075509566779182,-2.057990296580149,0.0813448178040497,0.5325464915562897,1.407947921383356
601,0.4602087779217937,-0.5857479347095389,0.1677414030486242,0.039618789442764,16.826214986770733
602,0.3075509566779182,-0.2186326823697479,0.9729925666863922,0.5325464915562897,1.4519645375808081
603,0.6865346654133528,-0.286208509881435,0.4762394972680774,1.1356958495311582,-24.187912582523722
604,0.8481395720839711,-0.3711428159952967,0.1871489076946566,0.0518227857687569,-9.082680763660573
605,0.6865346654133528,1.294739827595966,0.1333082527947529,0.1004487368208759,20.774668881207056
606,0.3170355739893507,1.8126925532600413,0.0,1.5409689818987065,0.7758320859707345
607,0.4602087779217937,-0.788688163101694,0.3732416246688015,0.8407061655323594,6.907856435861159
608,0.4602087779217937,0.7922601743757071,0.4887305910382494,1.93069352049984,-4.728801997221026
609,0.7440142295306753,0.9262559577648144,0.0,0.0517680163616311,-8.319917004226935
610,0.4602087779217937,0.995200402767862,0.1677414030486242,0.039618789442764,0.6770257302728768
611,0.6865346654133525,1.0197035287067373,0.4601575571026752,1.4750305459505522,12.891823658256614
612,0.4602087779217937,1.055751563955274,0.0716776860490968,0.2582902042574097,4.011199916516226
613,0.3169333773223824,-2.307505790223356,0.3782518428157593,1.400570140386887,8.893725113332092
614,0.3169333773223824,-1.5170316214846555,0.1395085309732116,0.5209822391835967,-4.435748375032443
615,0.3169333773223824,0.0639167159927462,0.1395085309732116,0.5209822391835967,11.526407174596129
616,0.6865346654133528,1.031248438016399,0.4762394972680774,1.1356958495311582,16.061694796971295
617,0.6865346654133525,1.8101776974454376,0.4601575571026752,1.4750305459505522,9.503050620643362
618,0.6865346654133528,0.5042656588572656,0.4762394972680774,1.1356958495311582,-12.603575746520622
619,0.9076710103072696,0.509446747341167,0.0,0.3799636711107582,-0.4168708163089522
620,0.6865346654133525,1.283194918286304,0.2486331610011049,0.5617941964221977,10.512035687393745
621,0.8481395720839711,-0.2128191130772356,0.2456983943708728,0.1598273454310751,-0.43602156730557706
622,0.8481395720839711,-0.8981255951544307,0.1871489076946566,0.0518227857687569,-5.427364133076877
623,0.4602087779217937,0.5287687847961404,0.4887305910382494,1.93069352049984,-8.207696197649392
624,0.635020313994827,1.8689484728699128,0.0,1.594197777333281,-0.3536811991914873
625,0.6865346654133528,-1.6036654577792695,0.3631891067476675,0.3870003537430038,5.435181447627048
626,0.6865346654133528,-1.8671568473588365,0.1333082527947529,0.1004487368208759,25.450300022059672
627,0.4602087779217937,1.3192429535348411,0.0716776860490968,0.2582902042574097,7.904081840247682
628,0.4602087779217937,-1.315670942260828,0.1374400736069757,0.2582902042574097,-13.417736042438461
629,0.3974126416762065,1.879043275413992,0.0,0.9008204693509722,0.04364495139553619
630,0.3075509566779182,0.2412067211828522,0.1946045289582096,0.5325464915562897,7.675679529036766
631,0.3075509566779182,0.930965826511752,3.6322907920174847,1.4219251863650375,-35.24077271698638
632,0.4602087779217937,1.522183181926996,0.1677414030486242,0.039618789442764,-2.140777613220864
633,0.8388132294134072,0.3826974423079749,0.0,0.0981241992849217,-5.192487539860292
634,0.5408068957473645,-0.725687142417544,0.0,0.6338252293932857,-10.989142367747133
635,0.4602087779217937,-1.315670942260828,0.6475661693928549,1.93069352049984,2.8663221836813992
636,0.6865346654133525,1.0197035287067373,0.3293920774666525,0.1557709076523344,0.37380548095205746
637,0.4602087779217937,0.7922601743757071,0.6475661693928549,1.93069352049984,-7.288815172705855
638,0.8410880915504508,1.2271257095684498,0.0,0.1691603932766366,-7.015925871242547
639,0.4602087779217937,-1.0521795526812607,0.6475661693928549,1.93069352049984,5.3802365603780915
640,0.3169333773223824,-0.1995746735868208,0.3782518428157593,1.400570140386887,14.066937590334659
641,0.3169333773223824,-1.5170316214846555,0.2716021403030577,1.400570140386887,0.299801018051002
642,0.3169333773223824,-0.4630660631663877,0.3782518428157593,1.400570140386887,17.52031125850047
643,0.5135084865411673,-0.166002249266301,0.0,1.3740698054813447,-1.0789256967456047
644,0.3826978125574209,1.453248295930231,0.0,0.1469007378377907,-7.267350693555523
645,0.3075509566779182,-2.057990296580149,0.2055840996489066,1.4219251863650375,11.108944758286196
646,0.356274952972229,-1.1676261710524094,0.0,1.9441139309133748,-10.261646592012045
647,0.3075509566779182,0.930965826511752,0.0813448178040497,0.5325464915562897,5.754467244493773
648,0.6865346654133525,0.2292293599680365,0.9181007777908552,1.4750305459505522,13.024881261399145
649,0.8172267179049517,1.5617509640620693,0.0,0.6078673453864462,-1.6903922929658397
650,0.8481395720839711,-0.7398018922363693,0.2599562110838213,0.573833196752224,-10.586259281196144
651,0.7077045408756231,-0.3550792434682221,0.0,1.0664164437778416,7.845127003959865
652,0.6865346654133525,-0.5612448087706641,0.7326356131860069,1.4750305459505522,-1.2613688293897363
653,0.6865346654133528,0.7677570484368322,0.1409466655735805,0.3870003537430038,7.21248849047241
654,0.8481395720839711,-1.003293281815936,0.0652156893725702,0.0380208673998406,-13.094291575812631
655,0.3075509566779182,0.930965826511752,0.5855841702586767,0.5325464915562897,-12.821374415135287
656,0.6865346654133525,-0.297753419191097,0.1195958388173804,0.0369978776642136,25.91784974779983
657,0.4233190507913653,0.3762797430483197,0.0,1.504075405457578,9.061576400300398
658,0.4602087779217937,-1.8426537214199616,0.1981121750292198,0.2582902042574097,10.158168483810126
659,0.6865346654133525,-1.0882275879297978,0.4601575571026752,1.4750305459505522,-24.570517774294657
660,0.6865346654133528,1.031248438016399,0.2752396006574315,1.1356958495311582,17.554460425605036
661,0.6865346654133528,-0.0227171203018682,0.3631891067476675,0.3870003537430038,-35.095547571228984
662,0.9012843809893089,-0.5953978500779828,0.0,0.2076918290576972,9.791370973843911
663,0.4602087779217937,-1.315670942260828,0.1981121750292198,0.2582902042574097,-3.873587929168565
664,0.4602087779217937,0.0017860056370063,0.1374400736069757,0.2582902042574097,-14.481496824261008
665,0.5135084865411673,1.0984567589922585,0.0,1.3740698054813447,3.1504486355076993
666,0.6865346654133525,0.7562121391271703,0.1195958388173804,0.0369978776642136,18.99187948565651
667,0.4602087779217937,0.7922601743757071,0.1981121750292198,0.2582902042574097,-6.394748826252672
668,0.9060764406798656,1.476783303046233,0.0,0.0754116574581304,-10.357414573771438
669,0.4602087779217937,-0.2617053839425603,0.1374400736069757,0.2582902042574097,-10.088962166874627
670,0.3169333773223824,-1.7805230110642225,0.3782518428157593,1.400570140386887,8.836362955178247
671,0.3075509566779182,-0.4485523841460478,0.1946045289582096,0.5325464915562897,13.548670098420072
672,0.4602087779217937,1.055751563955274,0.4887305910382494,1.93069352049984,0.8094439553677629
673,0.7440142295306753,1.6883960098117112,0.0,0.0517680163616311,-10.348776914726843
674,0.8481395720839711,-0.7398018922363693,0.6021612352861141,0.573833196752224,-7.8141282101929965
675,0.3170355739893507,1.772886302859622,0.0,1.5409689818987065,0.7942490701602405
676,0.2818648077966496,-0.6548202475574396,0.0,1.2809172498002015,-19.442542466709217
677,0.3075509566779182,-0.6784720859223481,2.4972452338632696,1.4219251863650375,20.79970329997937
678,0.3075509566779182,0.2412067211828522,2.2249261385110337,1.4219251863650375,11.76228239103409
679,0.6865346654133528,-1.8671568473588365,0.2752396006574315,1.1356958495311582,25.33901218654457
680,0.3075509566779182,-1.1383114894749482,0.6063911919900068,0.5325464915562897,26.902073930518814
681,0.8481395720839711,-0.2128191130772356,0.1326250898093557,0.1598273454310751,-3.694184499501501
682,0.8481395720839711,-1.003293281815936,0.1812344701418377,0.0380208673998406,4.684186534090226
683,0.6865346654133525,2.337160476604572,0.12649723987553,0.1557709076523344,14.68937448854264
684,0.3075509566779182,0.4711264229591526,3.5115105327108016,0.5325464915562897,11.440295935944908
685,0.635020313994827,0.8013945812217756,0.0,1.594197777333281,-2.7836345656455217
686,0.3075509566779182,-0.4485523841460478,0.1189764484748943,0.5325464915562897,8.78828263381636
687,0.6865346654133525,0.7562121391271703,0.9181007777908552,1.4750305459505522,10.610158254039682
688,0.3075509566779182,0.930965826511752,0.0860400747975691,1.4219251863650375,8.840573394017609
689,0.6865346654133525,1.5466863078658708,0.12649723987553,0.1557709076523344,12.64696752760501
690,0.3075509566779182,-2.2879099983564486,0.2055840996489066,1.4219251863650375,13.550723810455679
691,0.6865346654133528,1.031248438016399,0.2752396006574315,1.1356958495311582,17.554460425410912
692,0.4602087779217937,-1.579162331840395,0.1374400736069757,0.2582902042574097,-4.669764580979116
693,0.4602087779217937,-1.1127307138686726,0.0600979044416936,0.039618789442764,-33.5100307812217
694,0.4602087779217937,0.5287687847961403,0.3732416246688015,0.8407061655323594,-12.625233271522985
695,0.4602087779217937,-0.3222565451299722,0.1158343137150959,0.039618789442764,9.644941543417637
696,0.6865346654133525,-0.5612448087706641,0.5796599574127385,0.5617941964221977,5.6279511585425785
697,0.8481395720839711,-1.6885997638931312,0.6182203994727272,0.7245400850551366,10.345082550528497
698,0.6865346654133528,-0.2862085098814353,0.1333082527947529,0.1004487368208759,-23.337297582899087
699,0.822627777676554,1.032129378907967,0.0,1.964863050178557,-5.990529038097284
700,0.8388132294134072,1.1594097012139624,0.0,0.0981241992849217,-9.621372626764876
701,0.6865346654133525,2.0736690870250047,0.4340161334486301,0.5617941964221977,-1.2660774270851065
702,0.3075509566779182,0.0112870194065521,0.1946045289582096,0.5325464915562897,11.864457592302
703,0.8292281755195285,0.4800056485872731,0.0,0.4376359444970355,0.19647747584479225
704,0.4602087779217937,-0.3222565451299722,0.1677414030486242,0.039618789442764,16.417242799089436
705,0.822627777676554,1.389292008786626,0.0,1.964863050178557,-5.7445228260841015
706,0.3169333773223824,0.0639167159927462,0.2010059084809578,0.5209822391835967,15.008726473726979
707,0.3075509566779182,0.930965826511752,0.5855841702586767,0.5325464915562897,-12.821374415132649
708,0.4602087779217937,1.522183181926996,0.1677414030486242,0.039618789442764,-2.1407975466792135
709,0.8481395720839711,-0.2128191130772352,0.1812344701418377,0.0380208673998406,13.24283944447966
710,0.4602087779217937,1.055751563955274,0.3732416246688015,0.8407061655323594,-2.85193876776685
711,0.4330755476953365,0.4008707790528374,0.0,0.3340624208436267,-0.9749528952531855
712,0.3169333773223824,1.3813736638905807,0.2716021403030577,1.400570140386887,-5.153587744516211
713,0.8481395720839711,-1.2667846713955029,0.6021612352861141,0.573833196752224,-8.631245661626098
714,0.3839791356628784,1.1721866504824814,0.0,1.33006414419186,3.123187717050081
715,0.3170355739893507,1.9909407846663607,0.0,1.5409689818987065,1.018763956350137
716,0.4602087779217937,1.582734343114408,0.6475661693928549,1.93069352049984,-0.002979496435965619
717,0.6865346654133528,1.558231217175533,0.3631891067476675,0.3870003537430038,13.209466323011569
718,0.8481395720839711,-0.4763105026568023,0.1254098952495147,0.0380208673998406,8.444310956736336
719,0.3075509566779182,-1.5981508930275483,0.1030817631866166,0.5325464915562897,-23.425839598804608
720,0.6865346654133525,2.337160476604572,0.1730481209816355,0.0369978776642136,24.392339087086317
721,0.4602087779217937,-0.788688163101694,0.1452984831203329,0.8407061655323594,-13.062043637183127
722,0.3075509566779182,0.0112870194065521,0.503560620250943,1.4219251863650375,9.01699749460746
723,0.8481395720839711,-0.2128191130772356,0.2456983943708728,0.1598273454310751,-0.436021565790055
724,0.3075509566779182,0.0112870194065521,0.1030817631866166,0.5325464915562897,2.5216897414441353
725,0.3264328196669955,0.959372327749249,0.0,1.710787061177789,9.98871816639414
726,0.6865346654133525,0.7562121391271703,0.12649723987553,0.1557709076523344,14.525365622488065
727,0.8605298860361777,0.2874133942088818,0.0,1.6985057105952348,-0.08754587021741242
728,0.4602087779217937,0.5287687847961404,0.4887305910382494,1.93069352049984,-8.207696197438404
729,0.503784626596969,1.1578477277352035,0.0,1.876564598680676,5.376583649508857
730,0.4602087779217937,0.0017860056370063,0.4887305910382494,1.93069352049984,-19.043725033815935
731,0.9076710103072696,1.1454355140611638,0.0,0.3799636711107582,-4.0360483764588935
732,0.6865346654133525,0.7562121391271703,0.1195958388173804,0.0369978776642136,18.99187953969463
733,0.3743352541108471,1.3540702580021864,0.0,0.0620548704326,-8.90540225701236
734,0.3075509566779182,-1.1383114894749482,0.503560620250943,1.4219251863650375,12.405768371300116
735,0.8481395720839711,-0.8981255951544307,0.2534639407622203,0.2133912101507657,-19.647609803072555
736,0.4602087779217937,1.319242953534841,0.3732416246688015,0.8407061655323594,0.03106412043200112
737,0.6865346654133525,-0.0342620296115301,0.4340161334486301,0.5617941964221977,9.044930473255311
738,0.3075509566779182,0.4711264229591526,0.9322666700231392,0.5325464915562897,-12.938386439523352
739,0.3169333773223824,-2.3075057902233564,0.0727923800199398,0.5209822391835967,13.440257840785328
740,0.6865346654133525,0.2292293599680367,0.4340161334486301,0.5617941964221977,5.292772224314804
741,0.8481395720839711,-0.7398018922363693,0.1812344701418377,0.0380208673998406,13.183225280373247
742,0.3170355739893507,-0.1430215958918927,0.0,1.5409689818987065,-17.16289937538425
743,0.6140177677206313,0.853994169827585,0.0,0.4995553074145092,-1.560486110244276
744,0.3658604819865789,0.3280391541588461,0.0,1.054254947719134,8.441650060506868
745,0.3075509566779182,0.7010461247354525,4.90492540437354,1.4219251863650375,-2.1649366841867295
746,0.6865346654133525,0.7562121391271703,0.4601575571026752,1.4750305459505522,14.244554428619725
747,0.3839791356628784,-0.4644638254765038,0.0,1.33006414419186,-18.216989964859042
748,0.4602087779217937,-0.7886881631016938,0.0716776860490968,0.2582902042574097,-19.3919392463674
749,0.6865346654133525,-1.3517189775093648,0.2486331610011049,0.5617941964221977,-15.816365242390635
750,0.6865346654133525,1.0197035287067373,0.4340161334486301,0.5617941964221977,2.3650539225563523
751,0.3075509566779182,-2.057990296580149,0.1633045557227798,1.4219251863650375,7.892315823734716
752,0.6865346654133525,1.5466863078658708,0.4340161334486301,0.5617941964221977,-1.3375344450117785
753,0.4602087779217937,0.5287687847961403,0.2678207724581605,0.8407061655323594,-7.757375126107494
754,0.4602087779217937,0.5287687847961404,0.2831900886011236,1.93069352049984,-1.6524122498827944
755,0.8292281755195285,1.0010354425275056,0.0,0.4376359444970355,-2.5247641184930414
756,0.8828797400271784,1.4585935391984284,0.0,1.8329228788620788,-7.5443503283236595
757,0.5408068957473645,1.853807926046372,0.0,0.6338252293932857,-1.6778176656020556
758,0.6865346654133528,-0.5496998994610017,0.1923246625298812,0.1004487368208759,-11.095064295635098
759,0.8481395720839711,-1.003293281815936,0.4790564614040637,1.4965302170758776,-17.243524501538626
760,0.3075509566779182,-2.057990296580149,0.4487563345006237,0.5325464915562897,-23.2843277927424
761,0.8292281755195285,1.11599441530727,0.0,0.4376359444970355,-3.249928733514753
762,0.4602087779217937,1.055751563955274,0.0716776860490968,0.2582902042574097,4.01119987447048
763,0.9464134992424948,0.9520754965633548,0.0,0.0578378457231829,-10.04806686954393
764,0.3169333773223824,0.3274081055723132,0.1395085309732116,0.5209822391835967,9.229654239451282
765,0.4602087779217937,-0.8492393242891059,0.1677414030486242,0.039618789442764,11.753535140211985
766,0.3169333773223824,0.0639167159927462,0.0727923800199398,0.5209822391835967,2.708875874528474
767,0.6865346654133525,0.4927207495476034,0.12649723987553,0.1557709076523344,12.707002449567884
768,0.4348168218382746,-0.0407681923809307,0.0,0.8944348305498832,-5.811045801549847
769,0.6865346654133528,-1.0766826786201358,0.1923246625298812,0.1004487368208759,-13.883726444073634
770,0.8481395720839711,-0.8981255951544307,0.1871489076946566,0.0518227857687569,-5.427364126638106
771,0.3170355739893507,1.9909407846663607,0.0,1.5409689818987065,1.0187639563501363
772,0.6865346654133525,-0.0342620296115301,0.5796599574127385,0.5617941964221977,3.826294180347969
773,0.6865346654133525,0.4927207495476034,0.1730481209816355,0.0369978776642136,18.106472972653155
774,0.3169333773223824,-0.7265574527459546,0.2716021403030577,1.400570140386887,14.361585776193039
775,0.3075509566779182,0.2412067211828522,2.646252176684124,1.4219251863650375,-26.933248288783123
776,0.6865346654133525,1.0197035287067373,0.0621055760669248,0.0369978776642136,19.477822544984125
777,0.4324401727845692,1.5556126822468657,0.0,0.6016509498198112,-2.2176978044407307
778,0.3075509566779182,0.4711264229591524,4.213040346140257,1.4219251863650375,21.51899205962781
779,0.5408068957473645,0.5735958417127168,0.0,0.6338252293932857,-0.676627725495531
780,0.8481395720839711,-0.6346342055748638,0.7780043084242031,1.7504818965725644,-15.684111138040981
781,0.7614145762326211,1.1040163803862069,0.0,0.6476778900406569,-1.2118467854023283
782,0.8481395720839711,-0.4763105026568023,0.1254098952495147,0.0380208673998406,8.444310934791222
783,0.9437828052723104,-0.5961061443622064,0.0,0.9930978172491992,22.054368023977382
784,0.4602087779217937,1.582734343114408,0.2831900886011236,1.93069352049984,14.116951888226104
785,0.6865346654133525,-0.297753419191097,0.9181007777908552,1.4750305459505522,12.329153914389918
786,0.5172054577501756,-1.1970712558040295,0.0,0.530861783277399,-22.70350560916344
787,0.6865346654133525,1.8101776974454376,0.1730481209816355,0.0369978776642136,17.49843655406271
788,0.8481395720839711,-1.0032932818159364,0.3438050006741679,0.1598273454310751,-8.934734394199637
789,0.8481395720839711,-0.8981255951544307,0.1296189792253738,0.0518227857687569,-12.019436638936485
790,0.867295437581007,0.7167979829288539,0.0,0.154048743195067,-10.373699394662745
791,0.8481395720839711,-1.003293281815936,0.1812344701418377,0.0380208673998406,4.6841865335956445
792,0.3075509566779182,-1.1383114894749482,0.2767279372129013,0.5325464915562897,9.20912319682975
793,0.3075509566779182,-1.1383114894749482,0.2332580184461092,1.4219251863650375,-1.6446319264415181
794,0.6865346654133528,1.8217226067551,0.1923246625298812,0.1004487368208759,26.70270363139758
795,0.4233190507913653,0.5848244949413767,0.0,1.504075405457578,5.148620185798373
796,0.8481395720839711,-0.2128191130772356,0.3438050006741679,0.1598273454310751,-2.8281122206014366
797,0.3075509566779182,-1.8280705948038485,0.2055840996489066,1.4219251863650375,-11.797652342967027
798,0.3974126416762065,1.879043275413992,0.0,0.9008204693509722,0.0436449513933227
799,0.3075509566779182,0.4711264229591524,0.1633045557227798,1.4219251863650375,13.997346550484831
800,0.3075509566779182,-1.5981508930275483,0.9842795099269304,1.4219251863650375,5.084137718641244
801,0.4602087779217937,-1.0521795526812607,0.1374400736069757,0.2582902042574097,-15.040872302221636
802,0.3075509566779182,-1.3682311912512484,0.1030817631866166,0.5325464915562897,-27.07560502827124
803,0.3826978125574209,1.8650626317170544,0.0,0.1469007378377907,-7.104658184652931
804,0.4602087779217937,1.055751563955274,0.1452984831203329,0.8407061655323594,6.547836805196606
805,0.7228938113682423,0.5017369922813012,0.0,0.321417041710402,-2.2468964487814076
806,0.893012276284299,1.3864152298017374,0.0,1.2109861122082886,-0.6676153016268092
807,0.8481395720839711,-0.7398018922363693,0.1812344701418377,0.0380208673998406,13.183225313691711
808,0.6865346654133528,0.5042656588572656,0.2602478683114381,0.3870003537430038,-15.316801614728453
809,0.6865346654133525,2.337160476604572,0.4601575571026752,1.4750305459505522,9.872566669590231
810,0.6865346654133525,1.283194918286304,0.7326356131860069,1.4750305459505522,4.8428566368996675
811,0.4602087779217937,-0.5251967735221272,0.0716776860490968,0.2582902042574097,-22.026359066874072
812,0.6865346654133525,0.7562121391271703,0.1195958388173804,0.0369978776642136,18.991879520770624
813,0.6865346654133528,-0.0227171203018682,0.3631891067476675,0.3870003537430038,-35.095547572496315
814,0.8828797400271784,-0.135634954572143,0.0,1.8329228788620788,7.703263285918201
815,0.8605298860361777,0.771921709657499,0.0,1.6985057105952348,-8.535627614442308
816,0.6865346654133525,1.5466863078658708,0.2486331610011049,0.5617941964221977,9.935544876892267
817,0.3075509566779182,0.4711264229591526,0.041749232520072,0.5325464915562897,4.916325472116798
818,0.6865346654133528,1.294739827595966,0.6321417769162317,1.1356958495311582,12.043171003263332
819,0.3743352541108471,-0.2273938023895078,0.0,0.0620548704326,-26.77967560535043
820,0.6865346654133525,0.4927207495476034,0.2349260081206948,0.1557709076523344,8.884223543889378
821,0.6865346654133525,-1.0882275879297978,0.2349260081206948,0.1557709076523344,-5.09286281450545
822,0.3169333773223824,-0.4630660631663877,0.1395085309732116,0.5209822391835967,11.080454453639122
823,0.965282145752901,0.5183171475159443,0.0,0.2191131036129124,-3.551154837306663
824,0.8481395720839711,-1.1616169847339977,0.970394173780346,1.7504818965725644,5.853193593315769
825,0.4965446331877741,1.314980877707993,0.0,0.2755381607940015,-5.2315309274307245
826,0.3075509566779182,-0.908391787698648,0.7705681564894862,1.4219251863650375,25.65792121714384
827,0.8481395720839711,-0.4763105026568023,0.9487027799201916,1.4965302170758776,6.088021855555889
828,0.6865346654133525,0.7562121391271703,0.3293920774666525,0.1557709076523344,2.3053946228485604
829,0.3169333773223824,-2.307505790223356,0.2716021403030577,1.400570140386887,9.392529031211353
830,0.4330755476953365,0.5366723202118993,0.0,0.3340624208436267,-3.1083037373319438
831,0.4602087779217937,-0.2617053839425603,0.1374400736069757,0.2582902042574097,-10.088962153987934
832,0.4233190507913653,0.1124651520031821,0.0,1.504075405457578,0.9812181111158774
833,0.8481395720839711,-0.2128191130772356,0.1326250898093557,0.1598273454310751,-3.694184498544997
834,0.3169333773223824,0.3274081055723129,0.1474767154033145,1.400570140386887,12.654947402973207
835,0.6865346654133525,0.7562121391271703,0.2486331610011049,0.5617941964221977,12.971447600654606
836,0.8481395720839711,-0.4763105026568023,0.4790564614040637,1.4965302170758776,-10.650389764307455
837,0.6865346654133525,1.0197035287067373,0.4601575571026752,1.4750305459505522,12.891823658256618
838,0.5700090224286561,0.7885400901645182,0.0,0.6665757874446466,-1.7050435338760843
839,0.3075509566779182,0.4711264229591524,1.4079392686288434,1.4219251863650375,-11.679780504038307
840,0.8481395720839711,-0.3711428159952967,0.1871489076946566,0.0518227857687569,-9.082680762231734
841,0.8481395720839711,-0.6346342055748638,0.354162611554277,0.2133912101507657,-19.049476649434624
842,0.8481395720839711,-0.2128191130772352,0.6021612352861141,0.573833196752224,-8.172673615250137
843,0.4602087779217937,-0.525196773522127,0.4887305910382494,1.93069352049984,-12.014996637978548
844,0.3075509566779182,-1.1383114894749482,0.2332580184461092,1.4219251863650375,-1.6446319264415183
845,0.9437828052723104,-0.5961061443622064,0.0,0.9930978172491992,22.054368023977386
846,0.6865346654133525,-1.3517189775093643,0.2349260081206948,0.1557709076523344,-0.7018464733879637
847,0.7440142295306753,0.2700133341403202,0.0,0.0517680163616311,-7.800606704417731
848,0.3169333773223824,-1.2535402319050886,0.2010059084809578,0.5209822391835967,3.2676289679485606
849,0.6865346654133525,1.5466863078658708,0.12649723987553,0.1557709076523344,12.646967529979422
850,0.8172267179049517,1.165536615726056,0.0,0.6078673453864462,-1.5294931545054478
851,0.3169333773223824,-2.3075057902233564,0.0727923800199398,0.5209822391835967,13.440257820741452
852,0.6865346654133528,-1.3401740681997028,0.1333082527947529,0.1004487368208759,-9.587920870119097
853,0.8481395720839711,-1.6885997638931312,0.4649971851476233,0.7245400850551366,8.464105176680055
854,0.4602087779217937,-1.315670942260828,0.3732416246688015,0.8407061655323594,-0.8607250641414395
855,0.4602087779217937,1.055751563955274,0.0716776860490968,0.2582902042574097,4.011199886613057
856,0.4602087779217937,1.055751563955274,0.4887305910382494,1.93069352049984,0.8094439554287817
857,0.8481395720839711,-1.1616169847339977,0.2534639407622203,0.2133912101507657,-19.653819400091955
858,0.8873582908372794,0.1851763318399886,0.0,1.3219152905883973,3.9215942347532446
859,0.3075509566779182,0.2412067211828522,4.462116139415569,0.5325464915562897,-19.892895627808723
860,0.9437828052723104,1.3574963503162625,0.0,0.9930978172491992,-0.08919595255879899
861,0.8605298860361777,1.7025097462324783,0.0,1.6985057105952348,-5.169573818331253
862,0.8481395720839711,-1.53027606097507,0.2456983943708728,0.1598273454310751,10.431448608885006
863,0.4602087779217937,-0.2617053839425603,0.4887305910382494,1.93069352049984,-13.640606772943295
864,0.3075509566779182,-0.908391787698648,2.5555627259397378,0.5325464915562897,2.535207339248504
865,0.8481395720839711,-1.2667846713955029,0.3438050006741679,0.1598273454310751,-3.777178451462115
866,0.3075509566779182,-0.2186326823697477,3.5115105327108016,0.5325464915562897,-24.52554186652904
867,0.4602087779217937,-1.8426537214199616,0.1452984831203329,0.8407061655323594,0.2926475584638174
868,0.8481395720839711,-1.1616169847339977,0.2534639407622203,0.2133912101507657,-19.653819401331766
869,0.6005221693824834,1.8090924351815607,0.0,0.1200002023664625,-8.836215860563915
870,0.9464134992424948,0.5609578368633322,0.0,0.0578378457231829,-8.521733823287756
871,0.3658604819865789,0.9789036135594138,0.0,1.054254947719134,4.075749238208329
872,0.4602087779217937,1.319242953534841,0.6475661693928549,1.93069352049984,-3.2208939417768754
873,0.4602087779217937,-1.579162331840395,0.0716776860490968,0.2582902042574097,-15.491956890674002
874,0.503784626596969,-1.2081977191760678,0.0,1.876564598680676,-2.890448275616268
875,0.6865346654133525,1.8101776974454376,0.12649723987553,0.1557709076523344,13.013606766021537
876,0.3169333773223824,-1.7805230110642218,0.2010059084809578,0.5209822391835967,6.720342497192363
877,0.6865346654133525,0.7562121391271703,0.3293920774666525,0.1557709076523344,2.305394621838325
878,0.3264328196669955,0.2814926193200921,0.0,1.710787061177789,13.653123824544158
879,0.6865346654133525,-0.8247361983502309,0.1730481209816355,0.0369978776642136,25.286385099954106
880,0.4602087779217937,0.5287687847961404,0.2831900886011236,1.93069352049984,-1.6524122503069418
881,0.9464134992424948,1.3633043093882693,0.0,0.0578378457231829,-11.585744243111002
882,0.6865346654133528,1.8217226067551,0.1409466655735805,0.3870003537430038,27.529432445803277
883,0.6865346654133525,2.337160476604572,0.7326356131860069,1.4750305459505522,3.4222200102593656
884,0.6865346654133525,-0.5612448087706641,0.1730481209816355,0.0369978776642136,28.56618364331497
885,0.6865346654133525,-0.5612448087706641,0.2349260081206948,0.1557709076523344,12.167335430491061
886,0.4348168218382746,0.2079284333578964,0.0,0.8944348305498832,0.7770052597664383
887,0.822627777676554,1.3331369059568974,0.0,1.964863050178557,-5.629267733812767
888,0.4602087779217937,0.7922601743757071,0.2678207724581605,0.8407061655323594,-4.707230795718086
889,0.3169333773223824,1.3813736638905805,0.2010059084809578,0.5209822391835967,-6.551857212459883
890,0.8481395720839711,-0.8981255951544307,0.4649971851476233,0.7245400850551366,-16.96360818589145
891,0.8481395720839711,-1.53027606097507,0.0652156893725702,0.0380208673998406,13.870566221268
892,0.6865346654133525,-0.297753419191097,0.12649723987553,0.1557709076523344,10.484917543172992
893,0.4602087779217937,1.319242953534841,0.4887305910382494,1.93069352049984,2.972682836049177
894,0.8481688880883836,0.846556496614515,0.0,0.1201378016998203,-9.220016243101583
895,0.6865346654133525,-0.297753419191097,0.3293920774666525,0.1557709076523344,14.817531833829186
896,0.6865346654133528,1.558231217175533,0.1333082527947529,0.1004487368208759,25.623926672630688
897,0.4602087779217937,-0.2617053839425603,0.1981121750292198,0.2582902042574097,-2.6371853296853693
898,0.3169333773223824,-1.5170316214846555,0.1395085309732116,0.5209822391835967,-4.435748377187081
899,0.4965446331877741,0.6123249091790205,0.0,0.2755381607940015,-5.304453821530141
900,0.6865346654133528,0.7677570484368325,0.1333082527947529,0.1004487368208759,10.115049174069917
901,0.4602087779217937,-1.579162331840395,0.2678207724581605,0.8407061655323594,-0.9687833659815331
902,0.5408068957473645,-0.725687142417544,0.0,0.6338252293932857,-10.989142367747124
903,0.3075509566779182,-0.4485523841460478,1.675509288349959,1.4219251863650375,26.27229196039755
904,0.3075509566779182,0.7010461247354525,3.3596848083422763,1.4219251863650375,9.2531296055648
905,0.4602087779217937,0.5287687847961404,0.2831900886011236,1.93069352049984,-1.652412250009667
906,0.8481395720839711,-0.3711428159952967,0.4649971851476233,0.7245400850551366,-22.421734992592185
907,0.4602087779217937,-1.0521795526812607,0.2831900886011236,1.93069352049984,-15.647449369642198
908,0.6865346654133525,-0.0342620296115301,0.12649723987553,0.1557709076523344,16.276040357589526
909,0.8481395720839711,-0.1076514264157302,0.970394173780346,1.7504818965725644,-6.892016097405641
910,0.4602087779217937,-1.579162331840395,0.1981121750292198,0.2582902042574097,2.183153931395762
911,0.3856313476140027,1.1158972323868612,0.0,0.1460025492337953,-7.509642865220282
912,0.5135084865411673,0.9860578738452216,0.0,1.3740698054813447,4.402952408453351
913,0.3083126090173667,0.7468856902250787,0.0,1.1941757784042053,2.515607945824604
914,0.8481395720839711,-1.2667846713955029,0.0652156893725702,0.0380208673998406,-5.816685581487861
915,0.8172267179049517,1.0232853898085383,0.0,0.6078673453864462,-1.437546099345724
916,0.4602087779217937,-1.1127307138686726,0.1158343137150959,0.039618789442764,-14.463499664476926
917,0.503784626596969,0.858228454391698,0.0,1.876564598680676,6.474588627883084
918,0.3075509566779182,0.930965826511752,4.0263503513137,1.4219251863650375,-4.94551303780064
919,0.8481395720839711,-0.3711428159952967,0.4649971851476233,0.7245400850551366,-22.42173499242027
920,0.3075509566779182,0.0112870194065521,0.1030817631866166,0.5325464915562897,2.521689741471577
921,0.3075509566779182,-0.6784720859223481,0.975497500273141,1.4219251863650375,-25.032946109556043
922,0.3075509566779182,0.7010461247354525,1.955093483490492,0.5325464915562897,-13.078667600941465
923,0.6865346654133525,-1.0882275879297978,0.3293920774666525,0.1557709076523344,0.8626727960014345
924,0.4602087779217937,1.055751563955274,0.1374400736069757,0.2582902042574097,3.113822428913927
925,0.3075509566779182,-0.6784720859223481,0.503560620250943,1.4219251863650375,21.50546302605562
926,0.8605298860361777,1.444866182899925,0.0,1.6985057105952348,-5.952379133152472
927,0.6865346654133525,0.4927207495476034,0.4340161334486301,0.5617941964221977,3.819374251599245
928,0.6865346654133525,-0.8247361983502309,0.12649723987553,0.1557709076523344,-1.0946850467997975
929,0.4602087779217937,0.0017860056370063,0.3732416246688015,0.8407061655323594,-14.223011064329478
930,0.6865346654133528,-0.5496998994610022,0.3631891067476675,0.3870003537430038,-18.53819907098971
931,0.6865346654133525,0.7562121391271703,0.5796599574127385,0.5617941964221977,-2.7415608610296798
932,0.3075509566779182,0.0112870194065521,0.2535573345035666,0.5325464915562897,5.236099621266131
933,0.3075509566779182,-0.4485523841460478,0.0860400747975691,1.4219251863650375,-8.633022961657161
934,0.3075509566779182,-1.1383114894749482,1.1820329266589709,0.5325464915562897,20.16602722975337
935,0.4348168218382746,1.2754823250060336,0.0,0.8944348305498832,2.4129517807098977
936,0.6140177677206313,1.3869725982347092,0.0,0.4995553074145092,-2.892666512287715
937,0.6861918615443852,1.6777779278038,0.0,0.4708362778057122,-2.9669123994483497
938,0.3075509566779182,0.0112870194065521,0.1030817631866166,0.5325464915562897,2.5216897414712767
939,0.8481395720839711,-0.6346342055748638,0.6182203994727272,0.7245400850551366,-20.71409685713244
940,0.6865346654133528,-1.8671568473588365,0.3631891067476675,0.3870003537430038,20.111315121202963
941,0.3083126090173667,0.5503370121409926,0.0,1.1941757784042053,5.5493614720036275
942,0.8382899260200787,-1.51452660907847,0.0,0.0694797711705642,22.460003730392458
943,0.3075509566779182,0.2412067211828522,3.770941610149309,0.5325464915562897,32.18176886197536
944,0.7077045408756231,1.0727915444974088,0.0,1.0664164437778416,1.3133749889812558
945,0.8481395720839711,-0.4763105026568023,0.4790564614040637,1.4965302170758776,-10.65038976430058
946,0.3075509566779182,-0.6784720859223481,1.1746539541030592,0.5325464915562897,42.08794511253367
947,0.6865346654133525,-1.0882275879297978,0.5796599574127385,0.5617941964221977,-4.853902660979889
948,0.7566043005913613,1.7590918074829731,0.0,0.0477270320244694,-10.930825488917689
949,0.4602087779217937,-0.7886881631016938,0.1981121750292198,0.2582902042574097,4.667692386259909
950,0.3075509566779182,0.4711264229591526,0.2767279372129013,0.5325464915562897,11.539688533412669
951,0.6865346654133528,-1.3401740681997028,0.4762394972680774,1.1356958495311582,-7.9342280605870625
952,0.3839791356628784,1.274185818437603,0.0,1.33006414419186,3.93097176975851
953,0.8919306948044532,-0.1561366099541281,0.0,1.353048670954431,17.08268342938355
954,0.3075509566779182,-0.2186326823697477,0.2535573345035666,0.5325464915562897,3.983929367239305
955,0.3169333773223824,-1.2535402319050886,0.1395085309732116,0.5209822391835967,-7.637564022417573
956,0.3075509566779182,0.0112870194065521,1.4079392686288434,1.4219251863650375,1.545732863957862
957,0.4602087779217937,-0.3222565451299722,0.1677414030486242,0.039618789442764,16.41724279909605
958,0.6005221693824834,1.5547659564306633,0.0,0.1200002023664625,-8.48186352329815
959,0.9464134992424948,1.1217938812039845,0.0,0.0578378457231829,-11.299966711619437
960,0.3075509566779182,-0.908391787698648,0.0813448178040497,0.5325464915562897,-7.180889703279914
961,0.6865346654133525,-0.297753419191097,0.1195958388173804,0.0369978776642136,25.9178497854146
962,0.3075509566779182,-0.6784720859223481,0.2332580184461092,1.4219251863650375,10.435659320159974
963,0.6865346654133528,1.8217226067551,0.6321417769162317,1.1356958495311582,19.793004490306707
964,0.965282145752901,-0.8057349047267254,0.0,0.2191131036129124,14.98262262831931
965,0.8139100277331918,0.878097290601846,0.0,1.7071429053887726,-1.7032066317544128
966,0.6865346654133528,0.5042656588572656,0.4762394972680774,1.1356958495311582,-12.603575745964976
967,0.8481395720839711,-0.3711428159952971,0.354162611554277,0.2133912101507657,-22.317229689593646
968,0.4330755476953365,-1.3377788648612694,0.0,0.3340624208436267,-24.766679796791752
969,0.9464134992424948,-0.0903422337611126,0.0,0.0578378457231829,6.872004001284637
970,0.3075509566779182,-2.2879099983564486,0.1030817631866166,0.5325464915562897,7.168033819073911
971,0.3075509566779182,-2.2879099983564486,0.1189764484748943,0.5325464915562897,8.915726895776432
972,0.8481395720839711,-0.3711428159952967,0.1296189792253738,0.0518227857687569,-13.8965120753097
973,0.3974126416762065,1.3817313708147236,0.0,0.9008204693509722,-0.9034855803619927
974,0.4602087779217937,0.7922601743757071,0.1981121750292198,0.2582902042574097,-6.394748868755538
975,0.4602087779217937,1.055751563955274,0.6475661693928549,1.93069352049984,-4.930773453938406
976,0.4965446331877741,0.662024577731293,0.0,0.2755381607940015,-6.364532515412829
977,0.3075509566779182,-0.2186326823697477,0.5855841702586767,0.5325464915562897,5.274900287216989
978,0.4137103216028324,1.3610513307357408,0.0,0.4612049132328647,-3.7601963230871367
979,0.4602087779217937,-0.5251967735221272,0.1452984831203329,0.8407061655323594,-18.481612952906257
980,0.4602087779217937,0.4682176236087282,0.0600979044416936,0.039618789442764,1.4952192276963607
981,0.4137103216028324,1.0484529070194255,0.0,0.4612049132328647,-3.348671774154613
982,0.4602087779217937,-0.7886881631016938,0.1981121750292198,0.2582902042574097,4.667692386120108
983,0.8481395720839711,-1.0032932818159364,0.3438050006741679,0.1598273454310751,-8.934734394098816
984,0.8664760052119581,0.4794035997809846,0.0,0.9843056196807084,4.367859337007807
985,0.3169333773223824,-1.2535402319050886,0.2010059084809578,0.5209822391835967,3.267628966155373
986,0.3075509566779182,0.4711264229591526,1.1746539541030592,0.5325464915562897,-17.349957429279552
987,0.8382899260200787,1.026469507360574,0.0,0.0694797711705642,-10.043149852018928
988,0.6865346654133525,2.337160476604572,0.4601575571026752,1.4750305459505522,9.872566669585195
989,0.4602087779217937,-0.788688163101694,0.1452984831203329,0.8407061655323594,-13.06204363698614
990,0.4602087779217937,-1.0521795526812607,0.2678207724581605,0.8407061655323594,-9.412986626931234
991,0.8481395720839711,-0.1076514264157302,0.1296189792253738,0.0518227857687569,-16.5021343466976
992,0.3075509566779182,-0.2186326823697478,0.7705681564894862,1.4219251863650375,10.086126098394026
993,0.4233190507913653,1.9259984207807976,0.0,1.504075405457578,2.9720290748919074
994,0.8919306948044532,1.3854787061412113,0.0,1.353048670954431,-1.2874683774583149
995,0.3075509566779182,0.4711264229591524,2.646252176684124,1.4219251863650375,-24.895159192905847
996,0.4602087779217937,0.995200402767862,0.0600979044416936,0.039618789442764,-0.44205702081265447
997,0.4359186333320149,0.477731368952009,0.0,0.4016923021466259,-1.91396369113073
998,0.6168767415475583,1.2225956850659772,0.0,0.5871140906859008,-0.1771591788520726
999,0.6005221693824834,-0.4761009151006155,0.0,0.1200002023664625,-14.6387791296837
