,rho_0,xi,gamma,zeta,eig_FEA,eig_CF
0,0.3,1.0000000000000002,0.009999999999999997,0.007142857142857143,13.323988183306186,13.312222222222223
0,0.33056279369727576,1.0000000000000002,0.009999999999999997,0.007142857142857143,12.66595796392052,11.352281982680687
0,0.364239201923159,1.0000000000000002,0.009999999999999997,0.007142857142857143,10.366356586552548,9.745532985259482
0,0.401346427205952,1.0000000000000002,0.009999999999999997,0.007142857142857143,8.71096259615834,8.431295956683297
0,0.4422339873920661,1.0000000000000002,0.009999999999999997,0.007142857142857143,7.4915777678493916,7.3599384105255155
0,0.4872870078006907,1.0000000000000002,0.009999999999999997,0.007142857142857143,6.5833144110896615,6.4910002640829845
0,0.5369298487699418,1.0000000000000002,0.009999999999999997,0.007142857142857143,5.906448914945105,5.791665853345986
0,0.5916301027628258,1.0000000000000002,0.009999999999999997,0.007142857142857143,5.4103280951521056,5.23552464133081
0,0.651902998682287,1.0000000000000002,0.009999999999999997,0.007142857142857143,5.061411097122696,4.801573817618596
0,0.7183162548801609,1.0000000000000002,0.009999999999999997,0.007142857142857143,4.837785782848217,4.473425122025372
0,0.791495426571168,1.0000000000000002,0.009999999999999997,0.007142857142857143,4.431836741306302,4.238685937902992
0,0.8721297980199411,1.0000000000000002,0.009999999999999997,0.007142857142857143,4.446744477164856,4.088491281906423
0,0.9609788750003754,1.0000000000000002,0.009999999999999997,0.007142857142857143,4.321902515805124,4.017169015705203
0,1.058879538680631,1.0000000000000002,0.009999999999999997,0.007142857142857143,4.330299066122238,4.022025636276531
0,1.166753928317173,1.0000000000000002,0.009999999999999997,0.007142857142857143,4.461570362055008,4.103244555097441
0,1.2856181270059859,1.0000000000000002,0.009999999999999997,0.007142857142857143,4.536978382482031,4.263893024724597
0,1.416591732303193,1.0000000000000002,0.009999999999999997,0.007142857142857143,4.70537577983665,4.510037974345703
0,1.5609084018620234,1.0000000000000002,0.009999999999999997,0.007142857142857143,4.452465427413303,4.267269119180119
0,1.7199274734168681,1.0000000000000002,0.009999999999999997,0.007142857142857143,4.328115879332087,4.105255830125081
0,1.8951467685645895,1.0000000000000002,0.009999999999999997,0.007142857142857143,4.318115279136001,4.022748048175146
0,2.088216700943584,1.0000000000000002,0.009999999999999997,0.007142857142857143,4.313559642495061,4.016629846538812
0,2.3009558216974,1.0000000000000002,0.009999999999999997,0.007142857142857143,4.333043848433764,4.08667016981811
0,2.5353679486476777,1.0000000000000002,0.009999999999999997,0.007142857142857143,4.429465725176519,4.128338053901517
0,2.793661040518359,1.0000000000000002,0.009999999999999997,0.007142857142857143,4.275363050189172,4.031877730868246
0,3.0782679939899573,1.0000000000000002,0.009999999999999997,0.007142857142857143,4.251346045378671,4.012151772873473
0,3.3918695594740975,1.0000000000000002,0.009999999999999997,0.007142857142857143,4.34684574463362,4.068415224234821
0,3.73741959145502,1.0000000000000002,0.009999999999999997,0.007142857142857143,4.299159658148748,4.029923922644954
0,4.11817287123434,1.0000000000000002,0.009999999999999997,0.007142857142857143,4.275541419013285,4.012826068836427
0,4.537715764145184,1.0000000000000002,0.009999999999999997,0.007142857142857143,4.294621963965394,4.049906554054837
0,5.0,1.0000000000000002,0.009999999999999997,0.007142857142857143,4.277597015532335,4.01
0,0.3,1.0000000000000002,0.013413764884982514,0.007142857142857143,13.332272952773724,13.350152943166474
0,0.33056279369727576,1.0000000000000002,0.013413764884982514,0.007142857142857143,12.674914592576178,11.383523035876483
0,0.364239201923159,1.0000000000000002,0.013413764884982514,0.007142857142857143,10.374405415384475,9.771264196807424
0,0.401346427205952,1.0000000000000002,0.013413764884982514,0.007142857142857143,8.718317475944342,8.452489072151442
0,0.4422339873920661,1.0000000000000002,0.013413764884982514,0.007142857142857143,7.4982993883299995,7.377393793161087
0,0.4872870078006907,1.0000000000000002,0.013413764884982514,0.007142857142857143,6.589368983692154,6.505377120728349
0,0.5369298487699418,1.0000000000000002,0.013413764884982514,0.007142857142857143,5.91193877053047,5.8035071295481
0,0.5916301027628258,1.0000000000000002,0.013413764884982514,0.007142857142857143,5.415263131573168,5.2452775258140765
0,0.651902998682287,1.0000000000000002,0.013413764884982514,0.007142857142857143,5.06579141196264,4.80960663047765
0,0.7183162548801609,1.0000000000000002,0.013413764884982514,0.007142857142857143,4.841599717996168,4.480041224424545
0,0.791495426571168,1.0000000000000002,0.013413764884982514,0.007142857142857143,4.434909392833933,4.244135188585708
0,0.8721297980199411,1.0000000000000002,0.013413764884982514,0.007142857142857143,4.449207231192701,4.092979473172447
0,0.9609788750003754,1.0000000000000002,0.013413764884982514,0.007142857142857143,4.323580436556061,4.020865645207733
0,1.058879538680631,1.0000000000000002,0.013413764884982514,0.007142857142857143,4.331229610779459,4.025070308142995
0,1.166753928317173,1.0000000000000002,0.013413764884982514,0.007142857142857143,4.461758250737658,4.105752252113898
0,1.2856181270059859,1.0000000000000002,0.013413764884982514,0.007142857142857143,4.53642483536544,4.265958450689087
0,1.416591732303193,1.0000000000000002,0.013413764884982514,0.007142857142857143,4.7043116286472415,4.5117391305806045
0,1.5609084018620234,1.0000000000000002,0.013413764884982514,0.007142857142857143,4.594805087025757,4.272873643545158
0,1.7199274734168681,1.0000000000000002,0.013413764884982514,0.007142857142857143,4.3266410225063066,4.109871910164337
0,1.8951467685645895,1.0000000000000002,0.013413764884982514,0.007142857142857143,4.316364961799936,4.026550011292967
0,2.088216700943584,1.0000000000000002,0.013413764884982514,0.007142857142857143,4.311525957484437,4.019761274812662
0,2.3009558216974,1.0000000000000002,0.013413764884982514,0.007142857142857143,4.3307216876953865,4.089249322411225
0,2.5353679486476777,1.0000000000000002,0.013413764884982514,0.007142857142857143,4.427034660891256,4.133117682209402
0,2.793661040518359,1.0000000000000002,0.013413764884982514,0.007142857142857143,4.272863445115388,4.035814397994669
0,3.0782679939899573,1.0000000000000002,0.013413764884982514,0.007142857142857143,4.248699938510172,4.015394148026096
0,3.3918695594740975,1.0000000000000002,0.013413764884982514,0.007142857142857143,4.34397713157455,4.071085756513201
0,3.73741959145502,1.0000000000000002,0.013413764884982514,0.007142857142857143,4.296373416222983,4.033834220806938
0,4.11817287123434,1.0000000000000002,0.013413764884982514,0.007142857142857143,4.272652610112003,4.016046725598251
0,4.537715764145184,1.0000000000000002,0.013413764884982514,0.007142857142857143,4.338451513991257,4.054051310712367
0,5.0,1.0000000000000002,0.013413764884982514,0.007142857142857143,4.274683988841908,4.013413764884984
0,0.3,1.0000000000000002,0.017992908838956507,0.007142857142857143,13.347330873826735,13.40103232043285
0,0.33056279369727576,1.0000000000000002,0.017992908838956507,0.007142857142857143,12.690849474687788,11.425429050109221
0,0.364239201923159,1.0000000000000002,0.017992908838956507,0.007142857142857143,10.388560097034816,9.805779438998389
0,0.401346427205952,1.0000000000000002,0.017992908838956507,0.007142857142857143,8.731111027620862,8.480917018958426
0,0.4422339873920661,1.0000000000000002,0.017992908838956507,0.007142857142857143,7.510256687600002,7.400808033026168
0,0.4872870078006907,1.0000000000000002,0.017992908838956507,0.007142857142857143,6.599835184335833,6.524661898210939
0,0.5369298487699418,1.0000000000000002,0.017992908838956507,0.007142857142857143,5.9214373799362425,5.819390739039418
0,0.5916301027628258,1.0000000000000002,0.017992908838956507,0.007142857142857143,5.423846386314912,5.258359815754963
0,0.651902998682287,1.0000000000000002,0.017992908838956507,0.007142857142857143,5.0734896102541756,4.820381656783287
0,0.7183162548801609,1.0000000000000002,0.017992908838956507,0.007142857142857143,4.848419876168863,4.488915908628286
0,0.791495426571168,1.0000000000000002,0.017992908838956507,0.007142857142857143,4.440535500545166,4.251444685331432
0,0.8721297980199411,1.0000000000000002,0.017992908838956507,0.007142857142857143,4.453946152857801,4.09899982741257
0,0.9609788750003754,1.0000000000000002,0.017992908838956507,0.007142857142857143,4.327133595250252,4.025824217109113
0,1.058879538680631,1.0000000000000002,0.017992908838956507,0.007142857142857143,4.333672966383589,4.029154359399861
0,1.166753928317173,1.0000000000000002,0.017992908838956507,0.007142857142857143,4.463116395549828,4.109116017932047
0,1.2856181270059859,1.0000000000000002,0.017992908838956507,0.007142857142857143,4.5366765432417555,4.268728964516585
0,1.416591732303193,1.0000000000000002,0.017992908838956507,0.007142857142857143,4.703857175775801,4.514021021557361
0,1.5609084018620234,1.0000000000000002,0.017992908838956507,0.007142857142857143,4.59396609488244,4.280391420757633
0,1.7199274734168681,1.0000000000000002,0.017992908838956507,0.007142857142857143,4.32543508982343,4.116063811398016
0,1.8951467685645895,1.0000000000000002,0.017992908838956507,0.007142857142857143,4.314719419149899,4.031649875229347
0,2.088216700943584,1.0000000000000002,0.017992908838956507,0.007142857142857143,4.309431467594178,4.023961699074619
0,2.3009558216974,1.0000000000000002,0.017992908838956507,0.007142857142857143,4.328177613447008,4.092708937059879
0,2.5353679486476777,1.0000000000000002,0.017992908838956507,0.007142857142857143,4.424340313798773,4.139528963245358
0,2.793661040518359,1.0000000000000002,0.017992908838956507,0.007142857142857143,4.270015148806388,4.041094950721094
0,3.0782679939899573,1.0000000000000002,0.017992908838956507,0.007142857142857143,4.314089882012444,4.019743393822713
0,3.3918695594740975,1.0000000000000002,0.017992908838956507,0.007142857142857143,4.340562372624445,4.074667945723193
0,3.73741959145502,1.0000000000000002,0.017992908838956507,0.007142857142857143,4.293059570103245,4.039079402824438
0,4.11817287123434,1.0000000000000002,0.017992908838956507,0.007142857142857143,4.269170793148726,4.020366838856082
0,4.537715764145184,1.0000000000000002,0.017992908838956507,0.007142857142857143,4.335007672058654,4.059610989843323
0,5.0,1.0000000000000002,0.017992908838956507,0.007142857142857143,4.271139636033436,4.017992908838957
0,0.3,1.0000000000000002,0.024135264876266473,0.007142857142857143,13.372746556532139,13.469280720847406
0,0.33056279369727576,1.0000000000000002,0.024135264876266473,0.007142857142857143,12.717409316343764,11.481640792327692
0,0.364239201923159,1.0000000000000002,0.024135264876266473,0.007142857142857143,10.411987721909366,9.852077373368173
0,0.401346427205952,1.0000000000000002,0.024135264876266473,0.007142857142857143,8.75214271846841,8.519049598421594
0,0.4422339873920661,1.0000000000000002,0.024135264876266473,0.007142857142857143,7.529147280244212,7.43221534387725
0,0.4872870078006907,1.0000000000000002,0.024135264876266473,0.007142857142857143,7.352193849907488,6.5505300453120086
0,0.5369298487699418,1.0000000000000002,0.024135264876266473,0.007142857142857143,5.93700178019881,5.840696639363562
0,0.5916301027628258,1.0000000000000002,0.024135264876266473,0.007142857142857143,5.437958542182193,5.275908091897385
0,0.651902998682287,1.0000000000000002,0.024135264876266473,0.007142857142857143,5.086231236969487,4.834835023732618
0,0.7183162548801609,1.0000000000000002,0.024135264876266473,0.007142857142857143,4.859831352424156,4.500820201362032
0,0.791495426571168,1.0000000000000002,0.024135264876266473,0.007142857142857143,4.45008239892051,4.261249472408901
0,0.8721297980199411,1.0000000000000002,0.024135264876266473,0.007142857142857143,4.462221327019163,4.107075389042702
0,0.9609788750003754,1.0000000000000002,0.024135264876266473,0.007142857142857143,4.333655580321799,4.032475528874151
0,1.058879538680631,1.0000000000000002,0.024135264876266473,0.007142857142857143,4.338577597067174,4.034632609733642
0,1.166753928317173,1.0000000000000002,0.024135264876266473,0.007142857142857143,4.466458758555568,4.113628094313329
0,1.2856181270059859,1.0000000000000002,0.024135264876266473,0.007142857142857143,4.538392408782635,4.2724452666258514
0,1.416591732303193,1.0000000000000002,0.024135264876266473,0.007142857142857143,4.872651807578916,4.517081896462899
0,1.5609084018620234,1.0000000000000002,0.024135264876266473,0.007142857142857143,4.594111081325793,4.290475590356216
0,1.7199274734168681,1.0000000000000002,0.024135264876266473,0.007142857142857143,4.324926319096168,4.124369482131978
0,1.8951467685645895,1.0000000000000002,0.024135264876266473,0.007142857142857143,4.313522726768699,4.038490712808148
0,2.088216700943584,1.0000000000000002,0.024135264876266473,0.007142857142857143,4.3075331986342675,4.029596049421327
0,2.3009558216974,1.0000000000000002,0.024135264876266473,0.007142857142857143,4.325582831650381,4.097349582808848
0,2.5353679486476777,1.0000000000000002,0.024135264876266473,0.007142857142857143,4.421544361808834,4.148128904888142
0,2.793661040518359,1.0000000000000002,0.024135264876266473,0.007142857142857143,4.266919935632354,4.048178159994597
0,3.0782679939899573,1.0000000000000002,0.024135264876266473,0.007142857142857143,4.310551127923551,4.025577369876997
0,3.3918695594740975,1.0000000000000002,0.024135264876266473,0.007142857142857143,4.336593713101522,4.079473010106829
0,3.73741959145502,1.0000000000000002,0.024135264876266473,0.007142857142857143,4.289215557132942,4.0461151666606066
0,4.11817287123434,1.0000000000000002,0.024135264876266473,0.007142857142857143,4.2650575135782685,4.0261617372077865
0,4.537715764145184,1.0000000000000002,0.024135264876266473,0.007142857142857143,4.330936768073734,4.067068612713182
0,5.0,1.0000000000000002,0.024135264876266473,0.007142857142857143,4.266899119632005,4.024135264876267
0,0.3,1.0000000000000002,0.032374476848698965,0.007142857142857143,13.413591463142343,13.5608275205411
0,0.33056279369727576,1.0000000000000002,0.032374476848698965,0.007142857142857143,12.760458505356137,11.55704190171707
0,0.364239201923159,1.0000000000000002,0.032374476848698965,0.007142857142857143,10.449162431902261,9.914180333997836
0,0.401346427205952,1.0000000000000002,0.032374476848698965,0.007142857142857143,8.785363093275164,8.570199743959275
0,0.4422339873920661,1.0000000000000002,0.032374476848698965,0.007142857142857143,7.558943537514632,7.474344372219843
0,0.4872870078006907,1.0000000000000002,0.032374476848698965,0.007142857142857143,7.382189599398117,6.585228969634395
0,0.5369298487699418,1.0000000000000002,0.032374476848698965,0.007142857142857143,6.557676948330127,5.869275873124656
0,0.5916301027628258,1.0000000000000002,0.032374476848698965,0.007142857142857143,5.460241245162798,5.299446936928505
0,0.651902998682287,1.0000000000000002,0.032374476848698965,0.007142857142857143,5.106437927120477,4.854222430338087
0,0.7183162548801609,1.0000000000000002,0.032374476848698965,0.007142857142857143,4.878057528707527,4.5167883397472774
0,0.791495426571168,1.0000000000000002,0.032374476848698965,0.007142857142857143,4.465408886935553,4.274401383269348
0,0.8721297980199411,1.0000000000000002,0.032374476848698965,0.007142857142857143,4.4758020446808935,4.11790775754478
0,0.9609788750003754,1.0000000000000002,0.032374476848698965,0.007142857142857143,4.344688131623378,4.041397442093444
0,1.058879538680631,1.0000000000000002,0.032374476848698965,0.007142857142857143,4.347290391933604,4.041981005929482
0,1.166753928317173,1.0000000000000002,0.032374476848698965,0.007142857142857143,4.472953783959012,4.119680487485487
0,1.2856181270059859,1.0000000000000002,0.032374476848698965,0.007142857142857143,4.542532282834755,4.2774302268993765
0,1.416591732303193,1.0000000000000002,0.032374476848698965,0.007142857142857143,4.8756980562908625,4.521187682095421
0,1.5609084018620234,1.0000000000000002,0.032374476848698965,0.007142857142857143,4.596070480910171,4.304002258361782
0,1.7199274734168681,1.0000000000000002,0.032374476848698965,0.007142857142857143,4.325794155733997,4.135510513575721
0,1.8951467685645895,1.0000000000000002,0.032374476848698965,0.007142857142857143,4.313336605798202,4.047666851497987
0,2.088216700943584,1.0000000000000002,0.032374476848698965,0.007142857142857143,4.306268431838418,4.0371538345043625
0,2.3009558216974,1.0000000000000002,0.032374476848698965,0.007142857142857143,4.417232601837638,4.103574435907962
0,2.5353679486476777,1.0000000000000002,0.032374476848698965,0.007142857142857143,4.418956819313599,4.159664664410229
0,2.793661040518359,1.0000000000000002,0.032374476848698965,0.007142857142857143,4.339935722812184,4.057679410377187
0,3.0782679939899573,1.0000000000000002,0.032374476848698965,0.007142857142857143,4.306748132928511,4.033402928190673
0,3.3918695594740975,1.0000000000000002,0.032374476848698965,0.007142857142857143,4.3321225242986445,4.085918410496758
0,3.73741959145502,1.0000000000000002,0.032374476848698965,0.007142857142857143,4.284903889815072,4.055552774849069
0,4.11817287123434,1.0000000000000002,0.032374476848698965,0.007142857142857143,4.31163465419365,4.033934877609998
0,4.537715764145184,1.0000000000000002,0.032374476848698965,0.007142857142857143,4.326241074749092,4.077072092690898
0,5.0,1.0000000000000002,0.032374476848698965,0.007142857142857143,4.304100727531135,4.0323744768487
0,0.3,1.0000000000000002,0.04342636207227238,0.007142857142857143,13.476899072640933,13.68362624524747
0,0.33056279369727576,1.0000000000000002,0.04342636207227238,0.007142857142857143,12.825504593070614,11.65818317705866
0,0.364239201923159,1.0000000000000002,0.04342636207227238,0.007142857142857143,10.506292103900824,9.997483785252593
0,0.401346427205952,1.0000000000000002,0.04342636207227238,0.007142857142857143,8.836250960057182,8.638811346566781
0,0.4422339873920661,1.0000000000000002,0.04342636207227238,0.007142857142857143,7.604536251737818,7.5308552603218715
0,0.4872870078006907,1.0000000000000002,0.04342636207227238,0.007142857142857143,7.428035062319699,6.631773290896621
0,0.5369298487699418,1.0000000000000002,0.04342636207227238,0.007142857142857143,6.598905422942267,5.90761138535108
0,0.5916301027628258,1.0000000000000002,0.04342636207227238,0.007142857142857143,5.4943416144406125,5.331021390219651
0,0.651902998682287,1.0000000000000002,0.04342636207227238,0.007142857142857143,5.137447666634392,4.880228241731617
0,0.7183162548801609,1.0000000000000002,0.04342636207227238,0.007142857142857143,4.90615793437272,4.5382076251423324
0,0.791495426571168,1.0000000000000002,0.04342636207227238,0.007142857142857143,4.4891665203516675,4.292043047276376
0,0.8721297980199411,1.0000000000000002,0.04342636207227238,0.007142857142857143,4.497115188939515,4.132438041968214
0,0.9609788750003754,1.0000000000000002,0.04342636207227238,0.007142857142857143,4.362345259225888,4.053365086718227
0,1.058879538680631,1.0000000000000002,0.04342636207227238,0.007142857142857143,4.361660665730649,4.051837971814752
0,1.166753928317173,1.0000000000000002,0.04342636207227238,0.007142857142857143,4.48421111616292,4.127799025385768
0,1.2856181270059859,1.0000000000000002,0.04342636207227238,0.007142857142857143,4.550424849831511,4.284116935406381
0,1.416591732303193,1.0000000000000002,0.04342636207227238,0.007142857142857143,4.882414596971033,4.526695086409701
0,1.5609084018620234,1.0000000000000002,0.04342636207227238,0.007142857142857143,4.601069064560732,4.32214661279217
0,1.7199274734168681,1.0000000000000002,0.04342636207227238,0.007142857142857143,4.456380554788086,4.150454831211977
0,1.8951467685645895,1.0000000000000002,0.04342636207227238,0.007142857142857143,4.315017459500308,4.0599755081917355
0,2.088216700943584,1.0000000000000002,0.04342636207227238,0.007142857142857143,4.306320144893388,4.047291669719868
0,2.3009558216974,1.0000000000000002,0.04342636207227238,0.007142857142857143,4.415627872782394,4.111924307499471
0,2.5353679486476777,1.0000000000000002,0.04342636207227238,0.007142857142857143,4.417102666483727,4.175138461010128
0,2.793661040518359,1.0000000000000002,0.04342636207227238,0.007142857142857143,4.337125771068583,4.070424164251726
0,3.0782679939899573,1.0000000000000002,0.04342636207227238,0.007142857142857143,4.302951848793124,4.043899948122011
0,3.3918695594740975,1.0000000000000002,0.04342636207227238,0.007142857142857143,4.391215893694576,4.0945641190387665
0,3.73741959145502,1.0000000000000002,0.04342636207227238,0.007142857142857143,4.3373608047932155,4.06821216058073
0,4.11817287123434,1.0000000000000002,0.04342636207227238,0.007142857142857143,4.3062611107738995,4.044361585387322
0,4.537715764145184,1.0000000000000002,0.04342636207227238,0.007142857142857143,4.320990581497786,4.0904905255361665
0,5.0,1.0000000000000002,0.04342636207227238,0.007142857142857143,4.298315793148804,4.043426362072273
0,0.3,1.0000000000000002,0.05825110106475392,0.007142857142857143,13.572232205278706,13.848345567386156
0,0.33056279369727576,1.0000000000000002,0.05825110106475392,0.007142857142857143,12.923191862808364,11.79385170581859
0,0.364239201923159,1.0000000000000002,0.05825110106475392,0.007142857142857143,10.591837803229478,10.109225076176473
0,0.401346427205952,1.0000000000000002,0.05825110106475392,0.007142857142857143,8.91204504457322,8.730845337142668
0,0.4422339873920661,1.0000000000000002,0.05825110106475392,0.007142857142857143,8.631664696457666,7.606657636966082
0,0.4872870078006907,1.0000000000000002,0.05825110106475392,0.007142857142857143,7.4963988858375386,6.694206749110878
0,0.5369298487699418,1.0000000000000002,0.05825110106475392,0.007142857142857143,6.660369427930501,5.959033740126138
0,0.5916301027628258,1.0000000000000002,0.05825110106475392,0.007142857142857143,5.545209978316767,5.373374619501577
0,0.651902998682287,1.0000000000000002,0.05825110106475392,0.007142857142857143,5.183781144267804,4.915111825699216
0,0.7183162548801609,1.0000000000000002,0.05825110106475392,0.007142857142857143,4.948265153589614,4.566938950971691
0,0.791495426571168,1.0000000000000002,0.05825110106475392,0.007142857142857143,4.524928631628968,4.315707160593388
0,0.8721297980199411,1.0000000000000002,0.05825110106475392,0.007142857142857143,4.529416725282628,4.151928623865001
0,0.9609788750003754,1.0000000000000002,0.05825110106475392,0.007142857142857143,4.3894519713691755,4.06941820384061
0,1.058879538680631,1.0000000000000002,0.05825110106475392,0.007142857142857143,4.384149441884755,4.0650598741011805
0,1.166753928317173,1.0000000000000002,0.05825110106475392,0.007142857142857143,4.502363301479857,4.1386890412461845
0,1.2856181270059859,1.0000000000000002,0.05825110106475392,0.007142857142857143,4.563819322909858,4.293086328983117
0,1.416591732303193,1.0000000000000002,0.05825110106475392,0.007142857142857143,4.8947963310596245,4.534082589069529
0,1.5609084018620234,1.0000000000000002,0.05825110106475392,0.007142857142857143,4.610832072413433,4.346485023224069
0,1.7199274734168681,1.0000000000000002,0.05825110106475392,0.007142857142857143,4.463687792397228,4.170500787525901
0,1.8951467685645895,1.0000000000000002,0.05825110106475392,0.007142857142857143,4.319793971511723,4.076486050885725
0,2.088216700943584,1.0000000000000002,0.05825110106475392,0.007142857142857143,4.3086798099969945,4.060890323522218
0,2.3009558216974,1.0000000000000002,0.05825110106475392,0.007142857142857143,4.415555051688359,4.123124628934299
0,2.5353679486476777,1.0000000000000002,0.05825110106475392,0.007142857142857143,4.416797045924641,4.195894647957033
0,2.793661040518359,1.0000000000000002,0.05825110106475392,0.007142857142857143,4.335322429767112,4.087519677450729
0,3.0782679939899573,1.0000000000000002,0.05825110106475392,0.007142857142857143,4.299615942279794,4.057980403857203
0,3.3918695594740975,1.0000000000000002,0.05825110106475392,0.007142857142857143,4.385468429613561,4.106161269203423
0,3.73741959145502,1.0000000000000002,0.05825110106475392,0.007142857142857143,4.332699175068418,4.0851931629600085
0,4.11817287123434,1.0000000000000002,0.05825110106475392,0.007142857142857143,4.300409734829709,4.058347726052265
0,4.537715764145184,1.0000000000000002,0.05825110106475392,0.007142857142857143,4.362794214688875,4.108489695867302
0,5.0,1.0000000000000002,0.05825110106475392,0.007142857142857143,4.291856901371767,4.058251101064755
0,0.3,1.0000000000000002,0.07813665739739037,0.007142857142857143,13.712336058265205,14.069296193304337
0,0.33056279369727576,1.0000000000000002,0.07813665739739037,0.007142857142857143,13.066539442502595,11.97583428052629
0,0.364239201923159,1.0000000000000002,0.07813665739739037,0.007142857142857143,10.717129824966435,10.259112216616199
0,0.401346427205952,1.0000000000000002,0.07813665739739037,0.007142857142857143,9.022951129760747,8.854297568243823
0,0.4422339873920661,1.0000000000000002,0.07813665739739037,0.007142857142857143,8.743547440259922,7.708337162768908
0,0.4872870078006907,1.0000000000000002,0.07813665739739037,0.007142857142857143,7.596213262462029,6.77795352205511
0,0.5369298487699418,1.0000000000000002,0.07813665739739037,0.007142857142857143,6.750069433990615,6.02801047780461
0,0.5916301027628258,1.0000000000000002,0.07813665739739037,0.007142857142857143,6.13031158404877,5.430186245472324
0,0.651902998682287,1.0000000000000002,0.07813665739739037,0.007142857142857143,5.251453173924869,4.961903845067905
0,0.7183162548801609,1.0000000000000002,0.07813665739739037,0.007142857142857143,5.00985710603759,4.605478475922572
0,0.791495426571168,1.0000000000000002,0.07813665739739037,0.007142857142857143,4.882532758366773,4.347449645817983
0,0.8721297980199411,1.0000000000000002,0.07813665739739037,0.007142857142857143,4.576977577741755,4.178072832168498
0,0.9609788750003754,1.0000000000000002,0.07813665739739037,0.007142857142857143,4.429687312372473,4.090951477715683
0,1.058879538680631,1.0000000000000002,0.07813665739739037,0.007142857142857143,4.417931799336164,4.082795422961417
0,1.166753928317173,1.0000000000000002,0.07813665739739037,0.007142857142857143,4.530127037254371,4.153296652480719
0,1.2856181270059859,1.0000000000000002,0.07813665739739037,0.007142857142857143,4.76829666821624,4.3051176626430365
0,1.416591732303193,1.0000000000000002,0.07813665739739037,0.007142857142857143,4.915541148698309,4.5439920114461385
0,1.5609084018620234,1.0000000000000002,0.07813665739739037,0.007142857142857143,4.627689980483201,4.379131994744837
0,1.7199274734168681,1.0000000000000002,0.07813665739739037,0.007142857142857143,4.4769534923833545,4.197389962014857
0,1.8951467685645895,1.0000000000000002,0.07813665739739037,0.007142857142857143,4.329328264447789,4.098632904667786
0,2.088216700943584,1.0000000000000002,0.07813665739739037,0.007142857142857143,4.3146873068598905,4.079131238007914
0,2.3009558216974,1.0000000000000002,0.07813665739739037,0.007142857142857143,4.418016632274069,4.138148476770599
0,2.5353679486476777,1.0000000000000002,0.07813665739739037,0.007142857142857143,4.419215637772703,4.223736509118485
0,2.793661040518359,1.0000000000000002,0.07813665739739037,0.007142857142857143,4.335461691635507,4.110451196914681
0,3.0782679939899573,1.0000000000000002,0.07813665739739037,0.007142857142857143,4.297417853106369,4.076867596127729
0,3.3918695594740975,1.0000000000000002,0.07813665739739037,0.007142857142857143,4.38084607767061,4.121717413767877
0,3.73741959145502,1.0000000000000002,0.07813665739739037,0.007142857142857143,4.328571058364191,4.107971080302704
0,4.11817287123434,1.0000000000000002,0.07813665739739037,0.007142857142857143,4.294770688272679,4.077108406305046
0,4.537715764145184,1.0000000000000002,0.07813665739739037,0.007142857142857143,4.357070776362655,4.124688244990391
0,5.0,1.0000000000000002,0.07813665739739037,0.007142857142857143,4.327787185092773,4.0781366573973905
0,0.3,1.0000000000000002,0.10481067512269437,0.007142857142857143,13.913858514338639,14.365674168029937
0,0.33056279369727576,1.0000000000000002,0.10481067512269437,0.007142857142857143,13.272631312515701,12.219941427555558
0,0.364239201923159,1.0000000000000002,0.10481067512269437,0.007142857142857143,10.897079394576002,10.460167302730268
0,0.401346427205952,1.0000000000000002,0.10481067512269437,0.007142857142857143,9.18216144304995,9.019893488495551
0,0.4422339873920661,1.0000000000000002,0.10481067512269437,0.007142857142857143,8.904011253736405,7.8447276880424575
0,0.4872870078006907,1.0000000000000002,0.10481067512269437,0.007142857142857143,7.739253653788675,6.890289474270098
0,0.5369298487699418,1.0000000000000002,0.10481067512269437,0.007142857142857143,6.878534649129478,6.120534251979818
0,0.5916301027628258,1.0000000000000002,0.10481067512269437,0.007142857142857143,6.246259984978361,5.506392024822834
0,0.651902998682287,1.0000000000000002,0.10481067512269437,0.007142857142857143,5.348326938297172,5.024669559698413
0,0.7183162548801609,1.0000000000000002,0.10481067512269437,0.007142857142857143,5.0980584832306794,4.657174488569572
0,0.791495426571168,1.0000000000000002,0.10481067512269437,0.007142857142857143,4.9627198253808995,4.390028269184755
0,0.8721297980199411,1.0000000000000002,0.10481067512269437,0.007142857142857143,4.645269380397099,4.213142058497207
0,0.9609788750003754,1.0000000000000002,0.10481067512269437,0.007142857142857143,4.4877137601288934,4.119835705012095
0,1.058879538680631,1.0000000000000002,0.10481067512269437,0.007142857142857143,4.466971371098808,4.1065854712131475
0,1.166753928317173,1.0000000000000002,0.10481067512269437,0.007142857142857143,4.5708200291665735,4.172890958743847
0,1.2856181270059859,1.0000000000000002,0.10481067512269437,0.007142857142857143,4.800890516093336,4.32125621073973
0,1.416591732303193,1.0000000000000002,0.10481067512269437,0.007142857142857143,4.9481844780074455,4.557284277636722
0,1.5609084018620234,1.0000000000000002,0.10481067512269437,0.007142857142857143,4.654672400427121,4.4229238747634625
0,1.7199274734168681,1.0000000000000002,0.10481067512269437,0.007142857142857143,4.498765171333266,4.233458468469468
0,1.8951467685645895,1.0000000000000002,0.10481067512269437,0.007142857142857143,4.345738853593332,4.128340173625251
0,2.088216700943584,1.0000000000000002,0.10481067512269437,0.007142857142857143,4.431533036701767,4.103599171827732
0,2.3009558216974,1.0000000000000002,0.10481067512269437,0.007142857142857143,4.424213009349247,4.158301113024985
0,2.5353679486476777,1.0000000000000002,0.10481067512269437,0.007142857142857143,4.514456845729112,4.261082927076485
0,2.793661040518359,1.0000000000000002,0.10481067512269437,0.007142857142857143,4.338811550244155,4.141210997969164
0,3.0782679939899573,1.0000000000000002,0.10481067512269437,0.007142857142857143,4.3677183599102625,4.102202431773158
0,3.3918695594740975,1.0000000000000002,0.10481067512269437,0.007142857142857143,4.373042924820658,4.142584060338313
0,3.73741959145502,1.0000000000000002,0.10481067512269437,0.007142857142857143,4.384190927755192,4.13852484308315
0,4.11817287123434,1.0000000000000002,0.10481067512269437,0.007142857142857143,4.335525458003372,4.102273541704358
0,4.537715764145184,1.0000000000000002,0.10481067512269437,0.007142857142857143,4.351820126120995,4.145415120570869
0,5.0,1.0000000000000002,0.10481067512269437,0.007142857142857143,4.3206527267124715,4.104810675122694
0,0.3,1.0000000000000002,0.14059057535320005,0.007142857142857143,14.198103246302155,14.763228615035555
0,0.33056279369727576,1.0000000000000002,0.14059057535320005,0.007142857142857143,13.563473133585273,12.54738101525498
0,0.364239201923159,1.0000000000000002,0.14059057535320005,0.007142857142857143,11.150979650810692,10.729857868136651
0,0.401346427205952,1.0000000000000002,0.14059057535320005,0.007142857142857143,9.406798990568506,9.242019962512435
0,0.4422339873920661,1.0000000000000002,0.14059057535320005,0.007142857142857143,9.13028387301437,8.027678731898312
0,0.4872870078006907,1.0000000000000002,0.14059057535320005,0.007142857142857143,7.940814084193464,7.040974279384335
0,0.5369298487699418,1.0000000000000002,0.14059057535320005,0.007142857142857143,7.058365673310673,6.244643467285554
0,0.5916301027628258,1.0000000000000002,0.14059057535320005,0.007142857142857143,6.408411217628111,5.608612665531288
0,0.651902998682287,1.0000000000000002,0.14059057535320005,0.007142857142857143,5.483672924935771,5.1088620135875615
0,0.7183162548801609,1.0000000000000002,0.14059057535320005,0.007142857142857143,5.221966518462246,4.72651830448336
0,0.791495426571168,1.0000000000000002,0.14059057535320005,0.007142857142857143,5.075312157705068,4.447142233481561
0,0.8721297980199411,1.0000000000000002,0.14059057535320005,0.007142857142857143,4.741134381216969,4.260183094164358
0,0.9609788750003754,1.0000000000000002,0.14059057535320005,0.007142857142857143,4.569271999053645,4.15858032839594
0,1.058879538680631,1.0000000000000002,0.14059057535320005,0.007142857142857143,4.536041521533277,4.138496882598257
0,1.166753928317173,1.0000000000000002,0.14059057535320005,0.007142857142857143,4.6283051242311855,4.199174300473637
0,1.2856181270059859,1.0000000000000002,0.14059057535320005,0.007142857142857143,4.847085495166225,4.342904079715131
0,1.416591732303193,1.0000000000000002,0.14059057535320005,0.007142857142857143,4.997218307545601,4.575114210983628
0,1.5609084018620234,1.0000000000000002,0.14059057535320005,0.007142857142857143,4.695584459024538,4.481665273007579
0,1.7199274734168681,1.0000000000000002,0.14059057535320005,0.007142857142857143,4.532309136001001,4.281839915002927
0,1.8951467685645895,1.0000000000000002,0.14059057535320005,0.007142857142857143,4.489717928669446,4.1681888057422825
0,2.088216700943584,1.0000000000000002,0.14059057535320005,0.007142857142857143,4.450575720107067,4.136419882975764
0,2.3009558216974,1.0000000000000002,0.14059057535320005,0.007142857142857143,4.533964780807964,4.185333385477874
0,2.5353679486476777,1.0000000000000002,0.14059057535320005,0.007142857142857143,4.527719210388996,4.311178534054972
0,2.793661040518359,1.0000000000000002,0.14059057535320005,0.007142857142857143,4.426092533042462,4.182471471894528
0,3.0782679939899573,1.0000000000000002,0.14059057535320005,0.007142857142857143,4.3707843362074925,4.1361859846478986
0,3.3918695594740975,1.0000000000000002,0.14059057535320005,0.007142857142857143,4.439794347401186,4.170574089441697
0,3.73741959145502,1.0000000000000002,0.14059057535320005,0.007142857142857143,4.383648488693153,4.17950894211199
0,4.11817287123434,1.0000000000000002,0.14059057535320005,0.007142857142857143,4.3356176440994725,4.136029462658869
0,4.537715764145184,1.0000000000000002,0.14059057535320005,0.007142857142857143,4.39606819509055,4.1732176641545475
0,5.0,1.0000000000000002,0.14059057535320005,0.007142857142857143,4.357469647889798,4.140590575353201
0,0.3,1.0000000000000002,0.18858489228321454,0.007142857142857143,17.510109768527578,15.296498803146829
0,0.33056279369727576,1.0000000000000002,0.18858489228321454,0.007142857142857143,13.966884169146486,12.986600779598556
0,0.364239201923159,1.0000000000000002,0.18858489228321454,0.007142857142857143,11.502544573177461,11.091614451742581
0,0.401346427205952,1.0000000000000002,0.18858489228321454,0.007142857142857143,11.107144171363885,9.539975192231706
0,0.4422339873920661,1.0000000000000002,0.18858489228321454,0.007142857142857143,9.444436725352038,8.273084960672772
0,0.4872870078006907,1.0000000000000002,0.18858489228321454,0.007142857142857143,8.219874280303241,7.243099334138515
0,0.5369298487699418,1.0000000000000002,0.18858489228321454,0.007142857142857143,7.308858257131996,6.411120650702641
0,0.5916301027628258,1.0000000000000002,0.18858489228321454,0.007142857142857143,6.634053005644887,5.745729029616836
0,0.651902998682287,1.0000000000000002,0.18858489228321454,0.007142857142857143,6.144429208652258,5.221795791743441
0,0.7183162548801609,1.0000000000000002,0.18858489228321454,0.007142857142857143,5.392894994958864,4.819534468772867
0,0.791495426571168,1.0000000000000002,0.18858489228321454,0.007142857142857143,5.230439141129647,4.523753562354226
0,0.8721297980199411,1.0000000000000002,0.18858489228321454,0.007142857142857143,4.87293334495577,4.323282833402882
0,0.9609788750003754,1.0000000000000002,0.18858489228321454,0.007142857142857143,4.681230014410304,4.210551455258751
0,1.058879538680631,1.0000000000000002,0.18858489228321454,0.007142857142857143,4.8622129936227125,4.181302099545038
0,1.166753928317173,1.0000000000000002,0.18858489228321454,0.007142857142857143,4.706848748159627,4.234430157109144
0,1.2856181270059859,1.0000000000000002,0.18858489228321454,0.007142857142857143,4.909827798862688,4.371942022184825
0,1.416591732303193,1.0000000000000002,0.18858489228321454,0.007142857142857143,5.059238019459652,4.599030864366659
0,1.5609084018620234,1.0000000000000002,0.18858489228321454,0.007142857142857143,4.913572713999006,4.560459603513753
0,1.7199274734168681,1.0000000000000002,0.18858489228321454,0.007142857142857143,4.581357398132894,4.346737649862446
0,1.8951467685645895,1.0000000000000002,0.18858489228321454,0.007142857142857143,4.528875314466917,4.221640823962889
0,2.088216700943584,1.0000000000000002,0.18858489228321454,0.007142857142857143,4.479133679695136,4.180444813245529
0,2.3009558216974,1.0000000000000002,0.18858489228321454,0.007142857142857143,4.551632735422204,4.22159384017686
0,2.5353679486476777,1.0000000000000002,0.18858489228321454,0.007142857142857143,4.54974309778944,4.346641907936088
0,2.793661040518359,1.0000000000000002,0.18858489228321454,0.007142857142857143,4.441025268271853,4.237817301522309
0,3.0782679939899573,1.0000000000000002,0.18858489228321454,0.007142857142857143,4.451279907392382,4.181770723469715
0,3.3918695594740975,1.0000000000000002,0.18858489228321454,0.007142857142857143,4.4388326479555165,4.208119256393358
0,3.73741959145502,1.0000000000000002,0.18858489228321454,0.007142857142857143,4.446788009641559,4.234484048951563
0,4.11817287123434,1.0000000000000002,0.18858489228321454,0.007142857142857143,4.38810610806771,4.1813088613748555
0,4.537715764145184,1.0000000000000002,0.18858489228321454,0.007142857142857143,4.443468898203045,4.210511342438144
0,5.0,1.0000000000000002,0.18858489228321454,0.007142857142857143,4.396168133945186,4.188584892283215
0,0.3,1.0000000000000002,0.2529633405946542,0.007142857142857143,18.150556534949974,16.01181489549616
0,0.33056279369727576,1.0000000000000002,0.2529633405946542,0.007142857142857143,14.517359178532978,13.575759844772628
0,0.364239201923159,1.0000000000000002,0.2529633405946542,0.007142857142857143,11.984049957878673,11.576866227550912
0,0.401346427205952,1.0000000000000002,0.2529633405946542,0.007142857142857143,11.59496569180887,9.939645332002137
0,0.4422339873920661,1.0000000000000002,0.2529633405946542,0.007142857142857143,9.874390148821245,8.602267106081776
0,0.4872870078006907,1.0000000000000002,0.2529633405946542,0.007142857142857143,8.60246464357739,7.5142251303221315
0,0.5369298487699418,1.0000000000000002,0.2529633405946542,0.007142857142857143,7.6513239519939,6.634429230409676
0,0.5916301027628258,1.0000000000000002,0.2529633405946542,0.007142857142857143,6.942079482659063,5.929653696589513
0,0.651902998682287,1.0000000000000002,0.2529633405946542,0.007142857142857143,6.422048243835065,5.373282506518978
0,0.7183162548801609,1.0000000000000002,0.2529633405946542,0.007142857142857143,5.625258121604096,4.944304164601074
0,0.791495426571168,1.0000000000000002,0.2529633405946542,0.007142857142857143,5.440577119133866,4.626518197656603
0,0.8721297980199411,1.0000000000000002,0.2529633405946542,0.007142857142857143,5.0506967809996,4.407923340047789
0,0.9609788750003754,1.0000000000000002,0.2529633405946542,0.007142857142857143,5.100034621959922,4.2802643029132685
0,1.058879538680631,1.0000000000000002,0.2529633405946542,0.007142857142857143,4.994956346834678,4.238720011142503
0,1.166753928317173,1.0000000000000002,0.2529633405946542,0.007142857142857143,5.02961983912483,4.281721534281866
0,1.2856181270059859,1.0000000000000002,0.2529633405946542,0.007142857142857143,4.9918258892338585,4.4108928354880295
0,1.416591732303193,1.0000000000000002,0.2529633405946542,0.007142857142857143,5.304474965224161,4.631112100898212
0,1.5609084018620234,1.0000000000000002,0.2529633405946542,0.007142857142857143,4.999991213175645,4.666152465881668
0,1.7199274734168681,1.0000000000000002,0.2529633405946542,0.007142857142857143,4.791185584565129,4.433789945559777
0,1.8951467685645895,1.0000000000000002,0.2529633405946542,0.007142857142857143,4.583892414515248,4.293340104466772
0,2.088216700943584,1.0000000000000002,0.2529633405946542,0.007142857142857143,4.632241692229332,4.239498819617151
0,2.3009558216974,1.0000000000000002,0.2529633405946542,0.007142857142857143,4.576380970595372,4.2702327615723235
0,2.5353679486476777,1.0000000000000002,0.2529633405946542,0.007142857142857143,4.676696819392906,4.386702605251467
0,2.793661040518359,1.0000000000000002,0.2529633405946542,0.007142857142857143,4.547531360364418,4.312056896121426
0,3.0782679939899573,1.0000000000000002,0.2529633405946542,0.007142857142857143,4.464783432816971,4.242917020359618
0,3.3918695594740975,1.0000000000000002,0.2529633405946542,0.007142857142857143,4.507364393413981,4.258481460599047
0,3.73741959145502,1.0000000000000002,0.2529633405946542,0.007142857142857143,4.455032442154044,4.308226364718826
0,4.11817287123434,1.0000000000000002,0.2529633405946542,0.007142857142857143,4.443298440532247,4.2420455822258045
0,4.537715764145184,1.0000000000000002,0.2529633405946542,0.007142857142857143,4.491531158223907,4.260536205657365
0,5.0,1.0000000000000002,0.2529633405946542,0.007142857142857143,4.437897898725299,4.252963340594654
0,0.3,1.0000000000000002,0.3393190775256178,0.007142857142857143,19.0101960950022,16.97132308361798
0,0.33056279369727576,1.0000000000000002,0.3393190775256178,0.007142857142857143,15.256791719185305,14.366043962782726
0,0.364239201923159,1.0000000000000002,0.3393190775256178,0.007142857142857143,12.632712440779576,12.22777155062222
0,0.401346427205952,1.0000000000000002,0.3393190775256178,0.007142857142857143,12.25324096487902,10.475753460644993
0,0.4422339873920661,1.0000000000000002,0.3393190775256178,0.007142857142857143,10.454255866035318,9.043824296366822
0,0.4872870078006907,1.0000000000000002,0.3393190775256178,0.007142857142857143,9.119272286930373,7.877906898748197
0,0.5369298487699418,1.0000000000000002,0.3393190775256178,0.007142857142857143,8.113519062806056,6.9339701089086265
0,0.5916301027628258,1.0000000000000002,0.3393190775256178,0.007142857142857143,7.357088406178346,6.17636592052153
0,0.651902998682287,1.0000000000000002,0.3393190775256178,0.007142857142857143,6.7951395836210615,5.576483224038723
0,0.7183162548801609,1.0000000000000002,0.3393190775256178,0.007142857142857143,6.393115658726888,5.1116673010621065
0,0.791495426571168,1.0000000000000002,0.3393190775256178,0.007142857142857143,5.720719431708529,4.764364263300306
0,0.8721297980199411,1.0000000000000002,0.3393190775256178,0.007142857142857143,5.6167713558229115,4.521458125635847
0,0.9609788750003754,1.0000000000000002,0.3393190775256178,0.007142857142857143,5.309139927217868,4.3737754777032976
0,1.058879538680631,1.0000000000000002,0.3393190775256178,0.007142857142857143,5.168329391405748,4.315739047778013
0,1.166753928317173,1.0000000000000002,0.3393190775256178,0.007142857142857143,5.170037048349628,4.345157075730059
0,1.2856181270059859,1.0000000000000002,0.3393190775256178,0.007142857142857143,5.3078658665300615,4.46314054066083
0,1.416591732303193,1.0000000000000002,0.3393190775256178,0.007142857142857143,5.374575048334043,4.674145117303588
0,1.5609084018620234,1.0000000000000002,0.3393190775256178,0.007142857142857143,5.118300097224161,4.807926386464068
0,1.7199274734168681,1.0000000000000002,0.3393190775256178,0.007142857142857143,4.887892982230042,4.550559848277972
0,1.8951467685645895,1.0000000000000002,0.3393190775256178,0.007142857142857143,4.787769764877307,4.389515833576921
0,2.088216700943584,1.0000000000000002,0.3393190775256178,0.007142857142857143,4.687421122636718,4.318712475315671
0,2.3009558216974,1.0000000000000002,0.3393190775256178,0.007142857142857143,4.7137936428781,4.335475867158111
0,2.5353679486476777,1.0000000000000002,0.3393190775256178,0.007142857142857143,4.725500156405167,4.440439082743161
0,2.793661040518359,1.0000000000000002,0.3393190775256178,0.007142857142857143,4.669621279555868,4.41164014283232
0,3.0782679939899573,1.0000000000000002,0.3393190775256178,0.007142857142857143,4.561740570613251,4.324937225366467
0,3.3918695594740975,1.0000000000000002,0.3393190775256178,0.007142857142857143,4.581169621396679,4.326036137229503
0,3.73741959145502,1.0000000000000002,0.3393190775256178,0.007142857142857143,4.53243068398034,4.407142573296445
0,4.11817287123434,1.0000000000000002,0.3393190775256178,0.007142857142857143,4.410372796008958,4.3235163915637465
0,4.537715764145184,1.0000000000000002,0.3393190775256178,0.007142857142857143,4.5343545816858635,4.32763838101997
0,5.0,1.0000000000000002,0.3393190775256178,0.007142857142857143,4.484421972528757,4.339319077525618
0,0.3,1.0000000000000002,0.4551546326917438,0.007142857142857143,20.14169203729792,18.258384807686042
0,0.33056279369727576,1.0000000000000002,0.4551546326917438,0.007142857142857143,16.23489423353385,15.426112497914968
0,0.364239201923159,1.0000000000000002,0.4551546326917438,0.007142857142857143,15.743265770630558,13.100880647228363
0,0.401346427205952,1.0000000000000002,0.4551546326917438,0.007142857142857143,13.129872363632103,11.194876299699262
0,0.4422339873920661,1.0000000000000002,0.4551546326917438,0.007142857142857143,11.229002260296804,9.636118729742483
0,0.4872870078006907,1.0000000000000002,0.4551546326917438,0.007142857142857143,9.809119296708504,8.36574107221035
0,0.5369298487699418,1.0000000000000002,0.4551546326917438,0.007142857142857143,8.730102496977393,7.335767200671199
0,0.5916301027628258,1.0000000000000002,0.4551546326917438,0.007142857142857143,7.909800814171676,6.507299897129025
0,0.651902998682287,1.0000000000000002,0.4551546326917438,0.007142857142857143,7.290640053962345,5.84905188896566
0,0.7183162548801609,1.0000000000000002,0.4551546326917438,0.007142857142857143,6.836457577238167,5.336164277352243
0,0.791495426571168,1.0000000000000002,0.4551546326917438,0.007142857142857143,6.089363668771844,4.949267734786741
0,0.8721297980199411,1.0000000000000002,0.4551546326917438,0.007142857142857143,5.942907146445337,4.6737510176503445
0,0.9609788750003754,1.0000000000000002,0.4551546326917438,0.007142857142857143,5.580231437663959,4.499209168978482
0,1.058879538680631,1.0000000000000002,0.4551546326917438,0.007142857142857143,5.390737174010462,4.419050572687663
0,1.166753928317173,1.0000000000000002,0.4551546326917438,0.007142857142857143,5.3476096126639945,4.4302480195638125
0,1.2856181270059859,1.0000000000000002,0.4551546326917438,0.007142857142857143,5.44162184394232,4.5332243839576085
0,1.416591732303193,1.0000000000000002,0.4551546326917438,0.007142857142857143,5.668235031033357,4.731868593738914
0,1.5609084018620234,1.0000000000000002,0.4551546326917438,0.007142857142857143,5.459181997145212,4.998098590215505
0,1.7199274734168681,1.0000000000000002,0.4551546326917438,0.007142857142857143,5.173638824076283,4.707192250348374
0,1.8951467685645895,1.0000000000000002,0.4551546326917438,0.007142857142857143,4.8889976797389485,4.518523695369442
0,2.088216700943584,1.0000000000000002,0.4551546326917438,0.007142857142857143,4.881697991638152,4.424967810637652
0,2.3009558216974,1.0000000000000002,0.4551546326917438,0.007142857142857143,4.86779068064584,4.422991435027489
0,2.5353679486476777,1.0000000000000002,0.4551546326917438,0.007142857142857143,4.875117131746007,4.5125199302252295
0,2.793661040518359,1.0000000000000002,0.4551546326917438,0.007142857142857143,4.720842982355646,4.545218768618625
0,3.0782679939899573,1.0000000000000002,0.4551546326917438,0.007142857142857143,4.672342117086249,4.434957199944452
0,3.3918695594740975,1.0000000000000002,0.4551546326917438,0.007142857142857143,4.662787809172399,4.416652392149693
0,3.73741959145502,1.0000000000000002,0.4551546326917438,0.007142857142857143,4.622136675375095,4.489613059640758
0,4.11817287123434,1.0000000000000002,0.4551546326917438,0.007142857142857143,4.574400793010288,4.4327994197085765
0,4.537715764145184,1.0000000000000002,0.4551546326917438,0.007142857142857143,4.581282392609929,4.417647661378446
0,5.0,1.0000000000000002,0.4551546326917438,0.007142857142857143,4.538740642078575,4.455154632691745
0,0.3,1.0000000000000002,0.6105337229237157,0.007142857142857143,21.6063196635253,19.98481914359684
0,0.33056279369727576,1.0000000000000002,0.6105337229237157,0.007142857142857143,17.508508487674458,16.848063507138033
0,0.364239201923159,1.0000000000000002,0.6105337229237157,0.007142857142857143,17.059655161569143,14.272048661309709
0,0.401346427205952,1.0000000000000002,0.6105337229237157,0.007142857142857143,14.282079973429067,12.1594907683487
0,0.4422339873920661,1.0000000000000002,0.6105337229237157,0.007142857142857143,12.250493912913376,10.43060855694093
0,0.4872870078006907,1.0000000000000002,0.6105337229237157,0.007142857142857143,10.719894983454816,9.02011036277841
0,0.5369298487699418,1.0000000000000002,0.6105337229237157,0.007142857142857143,9.544163776383536,7.874728372708448
0,0.5916301027628258,1.0000000000000002,0.6105337229237157,0.007142857142857143,8.638601900725122,6.951206952595518
0,0.651902998682287,1.0000000000000002,0.6105337229237157,0.007142857142857143,7.942286811268125,6.214669087599987
0,0.7183162548801609,1.0000000000000002,0.6105337229237157,0.007142857142857143,7.417173124136484,5.6372992430867574
0,0.791495426571168,1.0000000000000002,0.6105337229237157,0.007142857142857143,7.038864695323098,5.197292904080333
0,0.8721297980199411,1.0000000000000002,0.6105337229237157,0.007142857142857143,6.366204162185757,4.87803312236398
0,0.9609788750003754,1.0000000000000002,0.6105337229237157,0.007142857142857143,6.276657464503958,4.667462973320552
0,1.058879538680631,1.0000000000000002,0.6105337229237157,0.007142857142857143,5.971621570860267,4.557630223192358
0,1.166753928317173,1.0000000000000002,0.6105337229237157,0.007142857142857143,5.83536084165332,4.544387011006528
0,1.2856181270059859,1.0000000000000002,0.6105337229237157,0.007142857142857143,5.606648013265186,4.627233203579496
0,1.416591732303193,1.0000000000000002,0.6105337229237157,0.007142857142857143,5.774229141346364,4.809297507863638
0,1.5609084018620234,1.0000000000000002,0.6105337229237157,0.007142857142857143,5.677725025113969,5.09745562733913
0,1.7199274734168681,1.0000000000000002,0.6105337229237157,0.007142857142857143,5.349370253398375,4.917295271822603
0,1.8951467685645895,1.0000000000000002,0.6105337229237157,0.007142857142857143,5.1654875063463175,4.691571808009348
0,2.088216700943584,1.0000000000000002,0.6105337229237157,0.007142857142857143,4.978855203546419,4.567496219216045
0,2.3009558216974,1.0000000000000002,0.6105337229237157,0.007142857142857143,4.927169304788991,4.540382760145038
0,2.5353679486476777,1.0000000000000002,0.6105337229237157,0.007142857142857143,0.5529286045596205,4.609207484308698
0,2.793661040518359,1.0000000000000002,0.6105337229237157,0.007142857142857143,4.8847249557122066,4.724397996614268
0,3.0782679939899573,1.0000000000000002,0.6105337229237157,0.007142857142857143,4.80239516371861,4.582535407108525
0,3.3918695594740975,1.0000000000000002,0.6105337229237157,0.007142857142857143,4.757667025483978,4.538202905975391
0,3.73741959145502,1.0000000000000002,0.6105337229237157,0.007142857142857143,4.797952441411532,4.5897262653450746
0,4.11817287123434,1.0000000000000002,0.6105337229237157,0.007142857142857143,4.719771444604355,4.579389104253935
0,4.537715764145184,1.0000000000000002,0.6105337229237157,0.007142857142857143,4.694346222873267,4.538383993797944
0,5.0,1.0000000000000002,0.6105337229237157,0.007142857142857143,4.655322759506066,4.593241582671178
0,0.3,1.0000000000000002,0.8189555813651153,0.007142857142857143,23.470420316430847,22.300617570723503
0,0.33056279369727576,1.0000000000000002,0.8189555813651153,0.007142857142857143,19.14388578216881,18.755435158706067
0,0.364239201923159,1.0000000000000002,0.8189555813651153,0.007142857142857143,18.759743557078643,15.84302589947949
0,0.401346427205952,1.0000000000000002,0.8189555813651153,0.007142857142857143,15.77923185329013,13.453401937060189
0,0.4422339873920661,1.0000000000000002,0.8189555813651153,0.007142857142857143,13.581963834977884,11.496318531495884
0,0.4872870078006907,1.0000000000000002,0.8189555813651153,0.007142857142857143,13.398730815521317,9.897865943941621
0,0.5369298487699418,1.0000000000000002,0.8189555813651153,0.007142857142857143,11.788709112965543,8.597678217092621
0,0.5916301027628258,1.0000000000000002,0.8189555813651153,0.007142857142857143,10.551811052167633,7.5466534398767156
0,0.651902998682287,1.0000000000000002,0.8189555813651153,0.007142857142857143,9.589921069313078,6.705099401638629
0,0.7183162548801609,1.0000000000000002,0.8189555813651153,0.007142857142857143,8.17084993858679,6.041234605987732
0,0.791495426571168,1.0000000000000002,0.8189555813651153,0.007142857142857143,7.705007763993539,5.529988034726532
0,0.8721297980199411,1.0000000000000002,0.8189555813651153,0.007142857142857143,7.371710088006038,5.152052334647767
0,0.9609788750003754,1.0000000000000002,0.8189555813651153,0.007142857142857143,6.747241059034499,4.893154670565371
0,1.058879538680631,1.0000000000000002,0.8189555813651153,0.007142857142857143,6.348614883187614,4.743517708163648
0,1.166753928317173,1.0000000000000002,0.8189555813651153,0.007142857142857143,6.129075756243863,4.697490370548677
0,1.2856181270059859,1.0000000000000002,0.8189555813651153,0.007142857142857143,6.066994628902861,4.75333442393176
0,1.416591732303193,1.0000000000000002,0.8189555813651153,0.007142857142857143,6.147192460029058,4.913158832800486
0,1.5609084018620234,1.0000000000000002,0.8189555813651153,0.007142857142857143,6.12092877892764,5.182999405484206
0,1.7199274734168681,1.0000000000000002,0.8189555813651153,0.007142857142857143,5.7624604295729815,5.199122524990553
0,1.8951467685645895,1.0000000000000002,0.8189555813651153,0.007142857142857143,5.504506177055333,4.923694477683497
0,2.088216700943584,1.0000000000000002,0.8189555813651153,0.007142857142857143,5.24408169862896,4.758680475426159
0,2.3009558216974,1.0000000000000002,0.8189555813651153,0.007142857142857143,5.130735034240423,4.69784872361136
0,2.5353679486476777,1.0000000000000002,0.8189555813651153,0.007142857142857143,5.1507940635712215,4.738901896086654
0,2.793661040518359,1.0000000000000002,0.8189555813651153,0.007142857142857143,5.0861978479238195,4.8833903760640105
0,3.0782679939899573,1.0000000000000002,0.8189555813651153,0.007142857142857143,4.96235465547351,4.780493344413122
0,3.3918695594740975,1.0000000000000002,0.8189555813651153,0.007142857142857143,4.955557979141677,4.701247907386049
0,3.73741959145502,1.0000000000000002,0.8189555813651153,0.007142857142857143,4.9016938116933,4.724015765665024
0,4.11817287123434,1.0000000000000002,0.8189555813651153,0.007142857142857143,4.829043913737837,4.776021060559438
0,4.537715764145184,1.0000000000000002,0.8189555813651153,0.007142857142857143,4.831025353317631,4.700336871412956
0,5.0,1.0000000000000002,0.8189555813651153,0.007142857142857143,4.7963659194260035,4.726631572073675
0,0.33056279369727576,1.0000000000000002,1.0985277619675506,0.007142857142857143,25.451124336550926,21.313938646947793
0,0.364239201923159,1.0000000000000002,1.0985277619675506,0.007142857142857143,20.92414018431291,17.95029783072659
0,0.401346427205952,1.0000000000000002,1.0985277619675506,0.007142857142857143,17.69818664580097,15.189023956975268
0,0.4422339873920661,1.0000000000000002,1.0985277619675506,0.007142857142857143,17.4829312092705,12.92583683492213
0,0.4872870078006907,1.0000000000000002,1.0985277619675506,0.007142857142857143,15.12685335026314,11.075266643162202
0,0.5369298487699418,1.0000000000000002,1.0985277619675506,0.007142857142857143,13.3237798514483,9.56742614071313
0,0.5916301027628258,1.0000000000000002,1.0985277619675506,0.007142857142857143,11.913151835340118,8.345371358074676
0,0.651902998682287,1.0000000000000002,1.0985277619675506,0.007142857142857143,10.793266979035783,7.36295109413695
0,0.7183162548801609,1.0000000000000002,1.0985277619675506,0.007142857142857143,9.911436575279286,6.583064004656167
0,0.791495426571168,1.0000000000000002,1.0985277619675506,0.007142857142857143,8.564010420624498,5.976257460813246
0,0.8721297980199411,1.0000000000000002,1.0985277619675506,0.007142857142857143,8.119778568978987,5.519615263402092
0,0.9609788750003754,1.0000000000000002,1.0985277619675506,0.007142857142857143,7.351187763538669,5.19589220689887
0,1.058879538680631,1.0000000000000002,1.0985277619675506,0.007142857142857143,7.211228973927567,4.992862810010236
0,1.166753928317173,1.0000000000000002,1.0985277619675506,0.007142857142857143,6.831799401347746,4.902859617348634
0,1.2856181270059859,1.0000000000000002,1.0985277619675506,0.007142857142857143,6.638049104264231,4.922483636083241
0,1.416591732303193,1.0000000000000002,1.0985277619675506,0.007142857142857143,6.342306668319525,5.052475972135063
0,1.5609084018620234,1.0000000000000002,1.0985277619675506,0.007142857142857143,6.464043701293104,5.297745818225334
0,1.7199274734168681,1.0000000000000002,1.0985277619675506,0.007142857142857143,6.28858720571678,5.577158976208128
0,1.8951467685645895,1.0000000000000002,1.0985277619675506,0.007142857142857143,5.933282198374982,5.235058369231881
0,2.088216700943584,1.0000000000000002,1.0985277619675506,0.007142857142857143,5.578195592973096,5.015130541677461
0,2.3009558216974,1.0000000000000002,1.0985277619675506,0.007142857142857143,5.522571231033092,4.909069864743831
0,2.5353679486476777,1.0000000000000002,1.0985277619675506,0.007142857142857143,5.345235401919417,4.9128709307352345
0,2.793661040518359,1.0000000000000002,1.0985277619675506,0.007142857142857143,5.40776608500149,5.026677287848933
0,3.0782679939899573,1.0000000000000002,1.0985277619675506,0.007142857142857143,5.2650204443227375,5.04602946722515
0,3.3918695594740975,1.0000000000000002,1.0985277619675506,0.007142857142857143,5.116072866804199,4.919952638845498
0,3.73741959145502,1.0000000000000002,1.0985277619675506,0.007142857142857143,5.0934116462099865,4.904148544046402
0,4.11817287123434,1.0000000000000002,1.0985277619675506,0.007142857142857143,5.043362680041811,4.99802033727904
0,4.537715764145184,1.0000000000000002,1.0985277619675506,0.007142857142857143,5.005588289329126,4.917576653690393
0,5.0,1.0000000000000002,1.0985277619675506,0.007142857142857143,5.00908020406059,4.905557767659232
0,0.33056279369727576,1.0000000000000002,1.4735393118656954,0.007142857142857143,28.530772928561635,24.74585507181465
0,0.364239201923159,1.0000000000000002,1.4735393118656954,0.007142857142857143,23.633771993502904,20.776942854172635
0,0.401346427205952,1.0000000000000002,1.4735393118656954,0.007142857142857143,23.478919539067096,17.51714652740828
0,0.4422339873920661,1.0000000000000002,1.4735393118656954,0.007142857142857143,19.97440434179281,14.843359077015243
0,0.4872870078006907,1.0000000000000002,1.4735393118656954,0.007142857142857143,17.343071583823725,12.654604258637463
0,0.5369298487699418,1.0000000000000002,1.4735393118656954,0.007142857142857143,15.296401966827105,10.868223205227158
0,0.5916301027628258,1.0000000000000002,1.4735393118656954,0.007142857142857143,13.667292965179675,9.416752794487266
0,0.651902998682287,1.0000000000000002,1.4735393118656954,0.007142857142857143,12.346233278007205,8.24537788737263
0,0.7183162548801609,1.0000000000000002,1.4735393118656954,0.007142857142857143,11.280082373452718,7.309861220806866
0,0.791495426571168,1.0000000000000002,1.4735393118656954,0.007142857142857143,10.420060553092213,6.574872776501335
0,0.8721297980199411,1.0000000000000002,1.4735393118656954,0.007142857142857143,9.090208254124404,6.012655534076504
0,0.9609788750003754,1.0000000000000002,1.4735393118656954,0.007142857142857143,8.64213556895993,5.601977220322351
0,1.058879538680631,1.0000000000000002,1.4735393118656954,0.007142857142857143,7.875631740494772,5.327328467149319
0,1.166753928317173,1.0000000000000002,1.4735393118656954,0.007142857142857143,7.3544723217813415,5.1783370964665805
0,1.2856181270059859,1.0000000000000002,1.4735393118656954,0.007142857142857143,7.038065657909683,5.1493764123111525
0,1.416591732303193,1.0000000000000002,1.4735393118656954,0.007142857142857143,6.898918569775529,5.2393527072832295
0,1.5609084018620234,1.0000000000000002,1.4735393118656954,0.007142857142857143,6.912325052002873,5.451663958415736
0,1.7199274734168681,1.0000000000000002,1.4735393118656954,0.007142857142857143,6.814858283689289,5.794328152617373
0,1.8951467685645895,1.0000000000000002,1.4735393118656954,0.007142857142857143,6.494483212782774,5.652714572722038
0,2.088216700943584,1.0000000000000002,1.4735393118656954,0.007142857142857143,6.189186756939313,5.35912663102064
0,2.3009558216974,1.0000000000000002,1.4735393118656954,0.007142857142857143,5.876441172959517,5.192396937332587
0,2.5353679486476777,1.0000000000000002,1.4735393118656954,0.007142857142857143,5.740314051756601,5.146228903539486
0,2.793661040518359,1.0000000000000002,1.4735393118656954,0.007142857142857143,5.615292460898695,5.218878982426675
0,3.0782679939899573,1.0000000000000002,1.4735393118656954,0.007142857142857143,5.6579348213601195,5.402213379212046
0,3.3918695594740975,1.0000000000000002,1.4735393118656954,0.007142857142857143,5.430984420185488,5.213318023548409
0,3.73741959145502,1.0000000000000002,1.4735393118656954,0.007142857142857143,5.346707415559202,5.145774417774953
0,4.11817287123434,1.0000000000000002,1.4735393118656954,0.007142857142857143,5.375455341474865,5.1970317609144825
0,4.537715764145184,1.0000000000000002,1.4735393118656954,0.007142857142857143,5.306341987709137,5.208976990003709
0,5.0,1.0000000000000002,1.4735393118656954,0.007142857142857143,5.259888958380192,5.145565159594046
0,0.3,1.0000000000000002,1.9765709878143813,0.007142857142857143,40.001456059419276,35.16301097571535
0,0.33056279369727576,1.0000000000000002,1.9765709878143813,0.007142857142857143,32.15562927360128,29.349347074622248
0,0.364239201923159,1.0000000000000002,1.9765709878143813,0.007142857142857143,26.985969172570375,24.568538029953935
0,0.401346427205952,1.0000000000000002,1.9765709878143813,0.007142857142857143,27.007683820587907,20.640035405729385
0,0.4422339873920661,1.0000000000000002,1.9765709878143813,0.007142857142857143,23.110609553737522,17.415478328731528
0,0.4872870078006907,1.0000000000000002,1.9765709878143813,0.007142857142857143,20.146902351870626,14.773090603436975
0,0.5369298487699418,1.0000000000000002,1.9765709878143813,0.007142857142857143,20.031962245032744,12.613081803873909
0,0.5916301027628258,1.0000000000000002,1.9765709878143813,0.007142857142857143,17.677314932558165,10.853878663504668
0,0.651902998682287,1.0000000000000002,1.9765709878143813,0.007142857142857143,15.779704693296136,9.429044440639938
0,0.7183162548801609,1.0000000000000002,1.9765709878143813,0.007142857142857143,14.23519433476232,8.284769918457442
0,0.791495426571168,1.0000000000000002,1.9765709878143813,0.007142857142857143,11.968476458933003,7.3778412866203364
0,0.8721297980199411,1.0000000000000002,1.9765709878143813,0.007142857142857143,11.088047368222789,6.674008161042011
0,0.9609788750003754,1.0000000000000002,1.9765709878143813,0.007142857142857143,10.379584032754561,6.146690109660133
0,1.058879538680631,1.0000000000000002,1.9765709878143813,0.007142857142857143,9.270589807550627,5.775972835845823
0,1.166753928317173,1.0000000000000002,1.9765709878143813,0.007142857142857143,8.483495371527217,5.547856110066181
0,1.2856181270059859,1.0000000000000002,1.9765709878143813,0.007142857142857143,7.955648936426347,5.453725047753381
0,1.416591732303193,1.0000000000000002,1.9765709878143813,0.007142857142857143,7.645451746643731,5.490024766058305
0,1.5609084018620234,1.0000000000000002,1.9765709878143813,0.007142857142857143,7.520376523197743,5.658126132820533
0,1.7199274734168681,1.0000000000000002,1.9765709878143813,0.007142857142857143,7.294857990371372,5.96437753773135
0,1.8951467685645895,1.0000000000000002,1.9765709878143813,0.007142857142857143,7.2357655867937725,6.212948784359204
0,2.088216700943584,1.0000000000000002,1.9765709878143813,0.007142857142857143,6.808801571477431,5.820554897400946
0,2.3009558216974,1.0000000000000002,1.9765709878143813,0.007142857142857143,6.5355549435433815,5.572445211058201
0,2.5353679486476777,1.0000000000000002,1.9765709878143813,0.007142857142857143,6.27408235063553,5.4592498016627395
0,2.793661040518359,1.0000000000000002,1.9765709878143813,0.007142857142857143,6.039957033115241,5.476693816582793
0,3.0782679939899573,1.0000000000000002,1.9765709878143813,0.007142857142857143,6.085288214018193,5.6254360333561415
0,3.3918695594740975,1.0000000000000002,1.9765709878143813,0.007142857142857143,5.964099364550789,5.606831453128159
0,3.73741959145502,1.0000000000000002,1.9765709878143813,0.007142857142857143,5.786222582721511,5.469885683807293
0,4.11817287123434,1.0000000000000002,1.9765709878143813,0.007142857142857143,5.749802659915372,5.463981005521642
0,4.537715764145184,1.0000000000000002,1.9765709878143813,0.007142857142857143,5.706239748482975,5.588894426635379
0,5.0,1.0000000000000002,1.9765709878143813,0.007142857142857143,5.594077741137304,5.467505432201204
0,0.3,1.0000000000000002,2.6513258509017734,0.007142857142857143,45.09505432316661,42.660287232241934
0,0.33056279369727576,1.0000000000000002,2.6513258509017734,0.007142857142857143,36.652610607149406,35.524363012177666
0,0.364239201923159,1.0000000000000002,2.6513258509017734,0.007142857142857143,37.09992714202446,29.654494652650015
0,0.401346427205952,1.0000000000000002,2.6513258509017734,0.007142857142857143,31.349248949678316,24.829005123301712
0,0.4422339873920661,1.0000000000000002,2.6513258509017734,0.007142857142857143,31.493781977530375,20.86565861859723
0,0.4872870078006907,1.0000000000000002,2.6513258509017734,0.007142857142857143,27.025620932981607,17.61477837755545
0,0.5369298487699418,1.0000000000000002,2.6513258509017734,0.007142857142857143,23.578541565839732,14.953594103852508
0,0.5916301027628258,1.0000000000000002,2.6513258509017734,0.007142857142857143,20.827642589601748,12.781605515217098
0,0.651902998682287,1.0000000000000002,2.6513258509017734,0.007142857142857143,18.574972363420635,11.016786925414358
0,0.7183162548801609,1.0000000000000002,2.6513258509017734,0.007142857142857143,16.703724366209993,9.592489523918287
0,0.791495426571168,1.0000000000000002,2.6513258509017734,0.007142857142857143,15.130788115197019,8.45492436709836
0,0.8721297980199411,1.0000000000000002,2.6513258509017734,0.007142857142857143,13.832097732134871,7.561131025460034
0,0.9609788750003754,1.0000000000000002,2.6513258509017734,0.007142857142857143,11.909324882879897,6.877355172399733
0,1.058879538680631,1.0000000000000002,2.6513258509017734,0.007142857142857143,11.173244288254827,6.377773843712415
0,1.166753928317173,1.0000000000000002,2.6513258509017734,0.007142857142857143,10.022442651915924,6.043520226961716
0,1.2856181270059859,1.0000000000000002,2.6513258509017734,0.007142857142857143,9.210421963931502,5.861971151642086
0,1.416591732303193,1.0000000000000002,2.6513258509017734,0.007142857142857143,8.673503358610214,5.82627037202262
0,1.5609084018620234,1.0000000000000002,2.6513258509017734,0.007142857142857143,8.364941124781698,5.935069639331331
0,1.7199274734168681,1.0000000000000002,2.6513258509017734,0.007142857142857143,7.96298230669066,6.192477784806806
0,1.8951467685645895,1.0000000000000002,2.6513258509017734,0.007142857142857143,8.062014348882629,6.6082158907261555
0,2.088216700943584,1.0000000000000002,2.6513258509017734,0.007142857142857143,7.907885890805845,6.439503925051955
0,2.3009558216974,1.0000000000000002,2.6513258509017734,0.007142857142857143,7.243333577166496,6.082233029928053
0,2.5353679486476777,1.0000000000000002,2.6513258509017734,0.007142857142857143,7.015591924165596,5.879128674813849
0,2.793661040518359,1.0000000000000002,2.6513258509017734,0.007142857142857143,6.7818659499587675,5.822520573505861
0,3.0782679939899573,1.0000000000000002,2.6513258509017734,0.007142857142857143,6.5844761477204035,5.910270907057648
0,3.3918695594740975,1.0000000000000002,2.6513258509017734,0.007142857142857143,6.542817553940067,6.134681115474709
0,3.73741959145502,1.0000000000000002,2.6513258509017734,0.007142857142857143,6.388430496796871,5.904640915720449
0,4.11817287123434,1.0000000000000002,2.6513258509017734,0.007142857142857143,6.254700653461024,5.822060445860033
0,4.537715764145184,1.0000000000000002,2.6513258509017734,0.007142857142857143,6.174645057179779,5.883821034025045
0,5.0,1.0000000000000002,2.6513258509017734,0.007142857142857143,6.1268809632856716,5.899348544577135
0,0.33056279369727576,1.0000000000000002,3.5564261597469833,0.007142857142857143,52.25085178853271,43.80738420691581
0,0.364239201923159,1.0000000000000002,3.5564261597469833,0.007142857142857143,42.89355997252457,36.47667728785595
0,0.401346427205952,1.0000000000000002,3.5564261597469833,0.007142857142857143,43.689866290777154,30.447990613483928
0,0.4422339873920661,1.0000000000000002,3.5564261597469833,0.007142857142857143,36.84968119305185,25.493649340502788
0,0.4872870078006907,1.0000000000000002,3.5564261597469833,0.007142857142857143,31.82367890262819,21.426551545410586
0,0.5369298487699418,1.0000000000000002,3.5564261597469833,0.007142857142857143,31.976223031964373,18.093102274084508
0,0.5916301027628258,1.0000000000000002,3.5564261597469833,0.007142857142857143,27.863686402129062,15.367412990350696
0,0.651902998682287,1.0000000000000002,3.5564261597469833,0.007142857142857143,24.551579923996233,13.146547364280387
0,0.7183162548801609,1.0000000000000002,3.5564261597469833,0.007142857142857143,21.82537379304748,11.346633856231529
0,0.791495426571168,1.0000000000000002,3.5564261597469833,0.007142857142857143,19.539725213221406,9.899698287410734
0,0.8721297980199411,1.0000000000000002,3.5564261597469833,0.007142857142857143,17.64566790526209,8.751096778199493
0,0.9609788750003754,1.0000000000000002,3.5564261597469833,0.007142857142857143,14.925608610752287,7.857452108525651
0,1.058879538680631,1.0000000000000002,3.5564261597469833,0.007142857142857143,13.802982807911649,7.185015566419144
0,1.166753928317173,1.0000000000000002,3.5564261597469833,0.007142857142857143,12.14973874511118,6.708392419557583
0,1.2856181270059859,1.0000000000000002,3.5564261597469833,0.007142857142857143,10.950702610644766,6.409582876919364
0,1.416591732303193,1.0000000000000002,3.5564261597469833,0.007142857142857143,10.10776576736261,6.277302322223964
0,1.5609084018620234,1.0000000000000002,3.5564261597469833,0.007142857142857143,9.550791981170107,6.306555147607149
0,1.7199274734168681,1.0000000000000002,3.5564261597469833,0.007142857142857143,9.25957116662118,6.49844609325444
0,1.8951467685645895,1.0000000000000002,3.5564261597469833,0.007142857142857143,8.86696411245584,6.860221968187458
0,2.088216700943584,1.0000000000000002,3.5564261597469833,0.007142857142857143,9.011820615361307,7.269747598321805
0,2.3009558216974,1.0000000000000002,3.5564261597469833,0.007142857142857143,8.483915124058555,6.76605042428282
0,2.5353679486476777,1.0000000000000002,3.5564261597469833,0.007142857142857143,8.06238982673675,6.442344323275842
0,2.793661040518359,1.0000000000000002,3.5564261597469833,0.007142857142857143,7.637486410079283,6.286404454336028
0,3.0782679939899573,1.0000000000000002,3.5564261597469833,0.007142857142857143,7.436979937946797,6.2923417097451875
0,3.3918695594740975,1.0000000000000002,3.5564261597469833,0.007142857142857143,7.273038854217034,6.460380311422272
0,3.73741959145502,1.0000000000000002,3.5564261597469833,0.007142857142857143,7.224887069757143,6.487811362060311
0,4.11817287123434,1.0000000000000002,3.5564261597469833,0.007142857142857143,7.068294917915062,6.302379788144522
0,4.537715764145184,1.0000000000000002,3.5564261597469833,0.007142857142857143,6.859155361990483,6.2794286510100665
0,5.0,1.0000000000000002,3.5564261597469833,0.007142857142857143,6.910049635443716,6.418091195286692
0,0.33056279369727576,1.0000000000000002,4.770506433764364,0.007142857142857143,59.82876034043893,54.91803409126943
0,0.364239201923159,1.0000000000000002,4.770506433764364,0.007142857142857143,49.51039592183843,45.627792674961555
0,0.401346427205952,1.0000000000000002,4.770506433764364,0.007142857142857143,50.90025645089949,37.98516563922661
0,0.4422339873920661,1.0000000000000002,4.770506433764364,0.007142857142857143,43.43997905330247,31.70152728385449
0,0.4872870078006907,1.0000000000000002,4.770506433764364,0.007142857142857143,44.029673118471266,26.539574452259586
0,0.5369298487699418,1.0000000000000002,4.770506433764364,0.007142857142857143,37.94848019939209,22.304364719081565
0,0.5916301027628258,1.0000000000000002,4.770506433764364,0.007142857142857143,33.182491774316325,18.83595434127767
0,0.651902998682287,1.0000000000000002,4.770506433764364,0.007142857142857143,29.40218512057412,16.00335794310878
0,0.7183162548801609,1.0000000000000002,4.770506433764364,0.007142857142857143,29.054550102153478,13.699601821028802
0,0.791495426571168,1.0000000000000002,4.770506433764364,0.007142857142857143,25.74538241580561,11.837684055313055
0,0.8721297980199411,1.0000000000000002,4.770506433764364,0.007142857142857143,21.06095599190604,10.347288861042209
0,0.9609788750003754,1.0000000000000002,4.770506433764364,0.007142857142857143,19.097529422260106,9.172131095094032
0,1.058879538680631,1.0000000000000002,4.770506433764364,0.007142857142857143,17.455173864798624,8.267830633792698
0,1.166753928317173,1.0000000000000002,4.770506433764364,0.007142857142857143,15.101762115080833,7.600236346561893
0,1.2856181270059859,1.0000000000000002,4.770506433764364,0.007142857142857143,14.157452381909104,7.1441363700322125
0,1.416591732303193,1.0000000000000002,4.770506433764364,0.007142857142857143,12.748369673648924,6.882305975785515
0,1.5609084018620234,1.0000000000000002,4.770506433764364,0.007142857142857143,11.749144069305292,6.804857074226115
0,1.7199274734168681,1.0000000000000002,4.770506433764364,0.007142857142857143,11.11652258619657,6.9088647884316465
0,1.8951467685645895,1.0000000000000002,4.770506433764364,0.007142857142857143,10.374330967361768,7.198256995452692
0,2.088216700943584,1.0000000000000002,4.770506433764364,0.007142857142857143,10.34817466652253,7.683962663561056
0,2.3009558216974,1.0000000000000002,4.770506433764364,0.007142857142857143,10.172783129764625,7.683306999496375
0,2.5353679486476777,1.0000000000000002,4.770506433764364,0.007142857142857143,9.827967892645736,7.197828552076997
0,2.793661040518359,1.0000000000000002,4.770506433764364,0.007142857142857143,9.082639673489473,6.908647385474891
0,3.0782679939899573,1.0000000000000002,4.770506433764364,0.007142857142857143,8.639570546226734,6.804842501411867
0,3.3918695594740975,1.0000000000000002,4.770506433764364,0.007142857142857143,8.44681691856894,6.882493682767841
0,3.73741959145502,1.0000000000000002,4.770506433764364,0.007142857142857143,8.293237718049017,7.144533445611724
0,4.11817287123434,1.0000000000000002,4.770506433764364,0.007142857142857143,8.20746299378852,6.946668860855832
0,4.537715764145184,1.0000000000000002,4.770506433764364,0.007142857142857143,7.925727917201032,6.810087407104554
0,5.0,1.0000000000000002,4.770506433764364,0.007142857142857143,7.8468050095807,6.85516009393295
0,0.3,1.0000000000000002,6.399045168480965,0.007142857142857143,86.2277318912765,84.30161298312184
0,0.33056279369727576,1.0000000000000002,6.399045168480965,0.007142857142857143,68.14126268928354,69.82159861807878
0,0.364239201923159,1.0000000000000002,6.399045168480965,0.007142857142857143,71.31660003650082,57.90288369876089
0,0.401346427205952,1.0000000000000002,6.399045168480965,0.007142857142857143,59.38186557705791,48.09535500845512
0,0.4422339873920661,1.0000000000000002,6.399045168480965,0.007142857142857143,61.14435235123629,40.02862880053422
0,0.4872870078006907,1.0000000000000002,6.399045168480965,0.007142857142857143,52.005308177250654,33.39806316466055
0,0.5369298487699418,1.0000000000000002,6.399045168480965,0.007142857142857143,52.78504220202955,27.95325314969688
0,0.5916301027628258,1.0000000000000002,6.399045168480965,0.007142857142857143,45.38018794862014,23.488574158795572
0,0.651902998682287,1.0000000000000002,6.399045168480965,0.007142857142857143,39.57671824018801,19.835416485642675
0,0.7183162548801609,1.0000000000000002,6.399045168480965,0.007142857142857143,34.8516397915441,16.855817727197778
0,0.791495426571168,1.0000000000000002,6.399045168480965,0.007142857142857143,31.011860426537236,14.437252599421731
0,0.8721297980199411,1.0000000000000002,6.399045168480965,0.007142857142857143,27.665571096543776,12.48838339209471
0,0.9609788750003754,1.0000000000000002,6.399045168480965,0.007142857142857143,24.867109156701375,10.935610577599755
0,1.058879538680631,1.0000000000000002,6.399045168480965,0.007142857142857143,22.511025341281854,9.720293306559386
0,1.166753928317173,1.0000000000000002,6.399045168480965,0.007142857142857143,20.546088617482805,8.79653482165555
0,1.2856181270059859,1.0000000000000002,6.399045168480965,0.007142857142857143,17.756892362900295,8.129449155238156
0,1.416591732303193,1.0000000000000002,6.399045168480965,0.007142857142857143,16.63433935258063,7.693843652128606
0,1.5609084018620234,1.0000000000000002,6.399045168480965,0.007142857142857143,14.950436799967473,7.4732675627662495
0,1.7199274734168681,1.0000000000000002,6.399045168480965,0.007142857142857143,13.795078252971175,7.459390776582541
0,1.8951467685645895,1.0000000000000002,6.399045168480965,0.007142857142857143,12.515436406540084,7.6516892333151905
0,2.088216700943584,1.0000000000000002,6.399045168480965,0.007142857142857143,12.20103356517256,8.05742513174274
0,2.3009558216974,1.0000000000000002,6.399045168480965,0.007142857142857143,11.739863556197784,8.69192118841756
0,2.5353679486476777,1.0000000000000002,6.399045168480965,0.007142857142857143,11.615441616381366,8.211217334022209
0,2.793661040518359,1.0000000000000002,6.399045168480965,0.007142857142857143,11.161158387068083,7.743309423438886
0,3.0782679939899573,1.0000000000000002,6.399045168480965,0.007142857142857143,10.624455442156505,7.492299013690365
0,3.3918695594740975,1.0000000000000002,6.399045168480965,0.007142857142857143,10.115744476984501,7.448706634571577
0,3.73741959145502,1.0000000000000002,6.399045168480965,0.007142857142857143,9.691043617522412,7.610886009103657
0,4.11817287123434,1.0000000000000002,6.399045168480965,0.007142857142857143,9.544688812946378,7.810903074787214
0,4.537715764145184,1.0000000000000002,6.399045168480965,0.007142857142857143,9.428721192072382,7.521900585945506
0,5.0,1.0000000000000002,6.399045168480965,0.007142857142857143,9.130116628670853,7.441434038430925
0,0.33056279369727576,1.0000000000000002,8.5835287378377,0.007142857142857143,102.89726844591821,89.81288966915002
0,0.364239201923159,1.0000000000000002,8.5835287378377,0.007142857142857143,81.74212360275193,74.36840219225518
0,0.401346427205952,1.0000000000000002,8.5835287378377,0.007142857142857143,85.91457531530232,61.65692532259821
0,0.4422339873920661,1.0000000000000002,8.5835287378377,0.007142857142857143,71.38466275147015,51.19840699234243
0,0.4872870078006907,1.0000000000000002,8.5835287378377,0.007142857142857143,73.56187116966183,42.597878670102446
0,0.5369298487699418,1.0000000000000002,8.5835287378377,0.007142857142857143,62.421080637882326,35.53053927667125
0,0.5916301027628258,1.0000000000000002,8.5835287378377,0.007142857142857143,62.9973841225176,29.729488991932804
0,0.651902998682287,1.0000000000000002,8.5835287378377,0.007142857142857143,54.205285190946896,24.975649717144623
0,0.7183162548801609,1.0000000000000002,8.5835287378377,0.007142857142857143,47.12232398514325,21.089491536355485
0,0.791495426571168,1.0000000000000002,8.5835287378377,0.007142857142857143,41.422161603742346,17.924252724727456
0,0.8721297980199411,1.0000000000000002,8.5835287378377,0.007142857142857143,36.70214311056083,15.360397255699663
0,0.9609788750003754,1.0000000000000002,8.5835287378377,0.007142857142857143,32.783863354786874,13.301100493381123
0,1.058879538680631,1.0000000000000002,8.5835287378377,0.007142857142857143,29.43931123638921,11.66859258622923
0,1.166753928317173,1.0000000000000002,8.5835287378377,0.007142857142857143,26.627852574773893,10.401221469371903
0,1.2856181270059859,1.0000000000000002,8.5835287378377,0.007142857142857143,24.28911073517324,9.451124559129648
0,1.416591732303193,1.0000000000000002,8.5835287378377,0.007142857142857143,20.983192997639446,8.782421210705332
0,1.5609084018620234,1.0000000000000002,8.5835287378377,0.007142857142857143,19.61722676544806,8.369857676759285
0,1.7199274734168681,1.0000000000000002,8.5835287378377,0.007142857142857143,17.65568998413887,8.197853393395146
0,1.8951467685645895,1.0000000000000002,8.5835287378377,0.007142857142857143,16.29653336373005,8.259912576310867
0,2.088216700943584,1.0000000000000002,8.5835287378377,0.007142857142857143,15.439100017858252,8.55837890589799
0,2.3009558216974,1.0000000000000002,8.5835287378377,0.007142857142857143,14.399027370744314,9.10452403691128
0,2.5353679486476777,1.0000000000000002,8.5835287378377,0.007142857142857143,13.90172138694724,9.570553219830895
0,2.793661040518359,1.0000000000000002,8.5835287378377,0.007142857142857143,13.725152762594817,8.862905457005413
0,3.0782679939899573,1.0000000000000002,8.5835287378377,0.007142857142857143,13.146083844593822,8.414437016125413
0,3.3918695594740975,1.0000000000000002,8.5835287378377,0.007142857142857143,12.519401289999047,8.208211375604025
0,3.73741959145502,1.0000000000000002,8.5835287378377,0.007142857142857143,11.927294735419762,8.236440373122395
0,4.11817287123434,1.0000000000000002,8.5835287378377,0.007142857142857143,11.434623432515089,8.500190083753512
0,4.537715764145184,1.0000000000000002,8.5835287378377,0.007142857142857143,11.26838892890764,8.476710048245605
0,5.0,1.0000000000000002,8.5835287378377,0.007142857142857143,11.109086001170063,8.22784812339935
0,0.364239201923159,1.0000000000000002,11.513743637283607,0.007142857142857143,123.97438374781835,96.4548615703619
0,0.401346427205952,1.0000000000000002,11.513743637283607,0.007142857142857143,98.54267925412364,79.84809688910588
0,0.4422339873920661,1.0000000000000002,11.513743637283607,0.007142857142857143,103.24102211445607,66.18128484057469
0,0.4872870078006907,1.0000000000000002,11.513743637283607,0.007142857142857143,85.67600835407903,54.93829488762405
0,0.5369298487699418,1.0000000000000002,11.513743637283607,0.007142857142857143,87.78896597265127,45.6945327340188
0,0.5916301027628258,1.0000000000000002,11.513743637283607,0.007142857142857143,74.28041130900057,38.100905415823206
0,0.651902998682287,1.0000000000000002,11.513743637283607,0.007142857142857143,74.94123976728578,31.87063771927883
0,0.7183162548801609,1.0000000000000002,11.513743637283607,0.007142857142857143,64.16116143110327,26.768442043930552
0,0.791495426571168,1.0000000000000002,11.513743637283607,0.007142857142857143,55.779053917024875,22.601632708203077
0,0.8721297980199411,1.0000000000000002,11.513743637283607,0.007142857142857143,55.22294930736218,19.21284912698043
0,0.9609788750003754,1.0000000000000002,11.513743637283607,0.007142857142857143,48.23059162167981,16.474113050190006
0,1.058879538680631,1.0000000000000002,11.513743637283607,0.007142857142857143,42.57169839752387,14.28199543253648
0,1.166753928317173,1.0000000000000002,11.513743637283607,0.007142857142857143,37.980119817345226,12.553710410025726
0,1.2856181270059859,1.0000000000000002,11.513743637283607,0.007142857142857143,31.480809814123475,11.22398887133615
0,1.416591732303193,1.0000000000000002,11.513743637283607,0.007142857142857143,28.71138446565182,10.242613553687
0,1.5609084018620234,1.0000000000000002,11.513743637283607,0.007142857142857143,26.404293801405693,9.57252257548953
0,1.7199274734168681,1.0000000000000002,11.513743637283607,0.007142857142857143,23.18327302165278,9.188409785222483
0,1.8951467685645895,1.0000000000000002,11.513743637283607,0.007142857142857143,20.874238207160786,9.07576906836109
0,2.088216700943584,1.0000000000000002,11.513743637283607,0.007142857142857143,19.28289056097778,9.230346520374319
0,2.3009558216974,1.0000000000000002,11.513743637283607,0.007142857142857143,18.227917346833873,9.657979796968174
0,2.5353679486476777,1.0000000000000002,11.513743637283607,0.007142857142857143,17.747432720483687,10.37481857459722
0,2.793661040518359,1.0000000000000002,11.513743637283607,0.007142857142857143,17.020461450522554,10.364705253047473
0,3.0782679939899573,1.0000000000000002,11.513743637283607,0.007142857142857143,16.753644607801593,9.651371251742548
0,3.3918695594740975,1.0000000000000002,11.513743637283607,0.007142857142857143,15.977476695117328,9.226993178127918
0,3.73741959145502,1.0000000000000002,11.513743637283607,0.007142857142857143,14.791599973470833,9.07554428929462
0,4.11817287123434,1.0000000000000002,11.513743637283607,0.007142857142857143,14.102648674331634,9.191305080498902
0,4.537715764145184,1.0000000000000002,11.513743637283607,0.007142857142857143,13.823498060337931,9.578647286651028
0,5.0,1.0000000000000002,11.513743637283607,0.007142857142857143,13.600190398245406,9.282725487199876
0,0.401346427205952,1.0000000000000002,15.444265009647367,0.007142857142857143,147.22132903352693,104.24930672665563
0,0.4422339873920661,1.0000000000000002,15.444265009647367,0.007142857142857143,117.82245816972586,86.27896491623346
0,0.4872870078006907,1.0000000000000002,15.444265009647367,0.007142857142857143,123.02798332741594,71.49143906008901
0,0.5369298487699418,1.0000000000000002,15.444265009647367,0.007142857142857143,126.77023123882542,59.328274586954
0,0.5916301027628258,1.0000000000000002,15.444265009647367,0.007142857142857143,103.78681882655076,49.33012658225719
0,0.651902998682287,1.0000000000000002,15.444265009647367,0.007142857142857143,105.23222914897208,41.119412513818595
0,0.7183162548801609,1.0000000000000002,15.444265009647367,0.007142857142857143,88.25704167928332,34.38605273413648
0,0.791495426571168,1.0000000000000002,15.444265009647367,0.007142857142857143,75.6285832945496,28.875760245809225
0,0.8721297980199411,1.0000000000000002,15.444265009647367,0.007142857142857143,75.10089160622056,24.38043749018722
0,0.9609788750003754,1.0000000000000002,15.444265009647367,0.007142857142857143,64.90375874062799,20.730317491602893
0,1.058879538680631,1.0000000000000002,15.444265009647367,0.007142857142857143,56.74482824633328,17.787552565547212
0,1.166753928317173,1.0000000000000002,15.444265009647367,0.007142857142857143,50.06354158825195,15.441008466771093
0,1.2856181270059859,1.0000000000000002,15.444265009647367,0.007142857142857143,44.64510476938881,13.60206737702743
0,1.416591732303193,1.0000000000000002,15.444265009647367,0.007142857142857143,40.08415132529121,12.201281231247664
0,1.5609084018620234,1.0000000000000002,15.444265009647367,0.007142857142857143,33.67728071827346,11.185748994188305
0,1.7199274734168681,1.0000000000000002,15.444265009647367,0.007142857142857143,31.03519209883859,10.517118839751248
0,1.8951467685645895,1.0000000000000002,15.444265009647367,0.007142857142857143,27.267519974386033,10.17013978478585
0,2.088216700943584,1.0000000000000002,15.444265009647367,0.007142857142857143,25.945339373934985,10.131708079465064
0,2.3009558216974,1.0000000000000002,15.444265009647367,0.007142857142857143,23.78890596255384,10.400372340932373
0,2.5353679486476777,1.0000000000000002,15.444265009647367,0.007142857142857143,22.495629576102555,10.986278741469224
0,2.793661040518359,1.0000000000000002,15.444265009647367,0.007142857142857143,20.89600841111936,11.911554181200646
0,3.0782679939899573,1.0000000000000002,15.444265009647367,0.007142857142857143,20.798962537089125,11.310565753217825
0,3.3918695594740975,1.0000000000000002,15.444265009647367,0.007142857142857143,20.40967167836494,10.593563134943253
0,3.73741959145502,1.0000000000000002,15.444265009647367,0.007142857142857143,19.376477696266676,10.201098553854775
0,4.11817287123434,1.0000000000000002,15.444265009647367,0.007142857142857143,17.90778311075697,10.118350487981653
0,4.537715764145184,1.0000000000000002,15.444265009647367,0.007142857142857143,17.480652865513854,10.342193936150597
0,5.0,1.0000000000000002,15.444265009647367,0.007142857142857143,17.080701283805517,10.69771318125083
0,0.5916301027628258,1.0000000000000002,20.716573966075636,0.007142857142857143,147.88595152630003,64.39273983905763
0,0.651902998682287,1.0000000000000002,20.716573966075636,0.007142857142857143,121.02064152302874,53.52550157062865
0,0.7183162548801609,1.0000000000000002,20.716573966075636,0.007142857142857143,122.90660436443993,44.60413661251095
0,0.791495426571168,1.0000000000000002,20.716573966075636,0.007142857142857143,103.06983538892817,37.29172741059297
0,0.8721297980199411,1.0000000000000002,20.716573966075636,0.007142857142857143,102.82863446230691,31.312119022829492
0,0.9609788750003754,1.0000000000000002,20.716573966075636,0.007142857142857143,87.57776695993006,26.439490059555585
0,1.058879538680631,1.0000000000000002,20.716573966075636,0.007142857142857143,75.51705649780841,22.489824482854825
0,1.166753928317173,1.0000000000000002,20.716573966075636,0.007142857142857143,65.9527187808972,19.31396219537575
0,1.2856181270059859,1.0000000000000002,20.716573966075636,0.007142857142857143,58.23859830879039,16.791965972364547
0,1.416591732303193,1.0000000000000002,20.716573966075636,0.007142857142857143,51.80965712537712,14.828592002708833
0,1.5609084018620234,1.0000000000000002,20.716573966075636,0.007142857142857143,46.50795565325586,13.349692982854933
0,1.7199274734168681,1.0000000000000002,20.716573966075636,0.007142857142857143,42.169250487399864,12.299417925550756
0,1.8951467685645895,1.0000000000000002,20.716573966075636,0.007142857142857143,38.69289217202479,11.638102933498907
0,2.088216700943584,1.0000000000000002,20.716573966075636,0.007142857142857143,33.7606419012364,11.340773282465436
0,2.3009558216974,1.0000000000000002,20.716573966075636,0.007142857142857143,30.17540129425876,11.396200244642287
0,2.5353679486476777,1.0000000000000002,20.716573966075636,0.007142857142857143,29.29070347223504,11.80647703296449
0,2.793661040518359,1.0000000000000002,20.716573966075636,0.007142857142857143,27.507632414259756,12.587097851814358
0,3.0782679939899573,1.0000000000000002,20.716573966075636,0.007142857142857143,25.45238604316672,13.536170247342184
0,3.3918695594740975,1.0000000000000002,20.716573966075636,0.007142857142857143,25.293714776348533,12.426647944903285
0,3.73741959145502,1.0000000000000002,20.716573966075636,0.007142857142857143,24.745285449765994,11.710890580864607
0,4.11817287123434,1.0000000000000002,20.716573966075636,0.007142857142857143,23.343503506994523,11.361867401349212
0,4.537715764145184,1.0000000000000002,20.716573966075636,0.007142857142857143,22.174550409917252,11.366397459660867
0,5.0,1.0000000000000002,20.716573966075636,0.007142857142857143,21.05443129634442,11.724651834572102
0,0.7183162548801609,1.0000000000000002,27.7887252403267,0.007142857142857143,174.72642609883573,58.31043408446438
0,0.791495426571168,1.0000000000000002,27.7887252403267,0.007142857142857143,141.83609347272372,48.580707893406256
0,0.8721297980199411,1.0000000000000002,27.7887252403267,0.007142857142857143,142.59354406125627,40.61011365647261
0,0.9609788750003754,1.0000000000000002,27.7887252403267,0.007142857142857143,118.54050581784286,34.0976399109859
0,1.058879538680631,1.0000000000000002,27.7887252403267,0.007142857142857143,100.5542923316047,28.797341475256346
0,1.166753928317173,1.0000000000000002,27.7887252403267,0.007142857142857143,99.21094195889391,24.509051267967262
0,1.2856181270059859,1.0000000000000002,27.7887252403267,0.007142857142857143,85.19779185099465,21.070820948843014
0,1.416591732303193,1.0000000000000002,27.7887252403267,0.007142857142857143,74.24234480852795,18.352804899524763
0,1.5609084018620234,1.0000000000000002,27.7887252403267,0.007142857142857143,65.22234302287497,16.25235657167924
0,1.7199274734168681,1.0000000000000002,27.7887252403267,0.007142857142857143,58.1720958483461,14.690152014713952
0,1.8951467685645895,1.0000000000000002,27.7887252403267,0.007142857142857143,52.41390313129273,13.607194187164309
0,2.088216700943584,1.0000000000000002,27.7887252403267,0.007142857142857143,44.45945329727784,12.962584918831372
0,2.3009558216974,1.0000000000000002,27.7887252403267,0.007142857142857143,41.30721643754264,12.731980381269159
0,2.5353679486476777,1.0000000000000002,27.7887252403267,0.007142857142857143,36.88498666750041,12.906671737082586
0,2.793661040518359,1.0000000000000002,27.7887252403267,0.007142857142857143,35.639704859636915,13.493256248529324
0,3.0782679939899573,1.0000000000000002,27.7887252403267,0.007142857142857143,33.39371788114238,14.513886424760624
0,3.3918695594740975,1.0000000000000002,27.7887252403267,0.007142857142857143,30.79553654901954,14.885504810406761
0,3.73741959145502,1.0000000000000002,27.7887252403267,0.007142857142857143,30.572163196438865,13.73609010841755
0,4.11817287123434,1.0000000000000002,27.7887252403267,0.007142857142857143,30.923745795266484,13.02989175199024
0,4.537715764145184,1.0000000000000002,27.7887252403267,0.007142857142857143,28.799936853301148,12.740239985534497
0,5.0,1.0000000000000002,27.7887252403267,0.007142857142857143,27.311836383407083,12.856196038452271
0,0.791495426571168,1.0000000000000002,37.27514268270973,0.007142857142857143,199.87224308664855,63.72348089216717
0,0.8721297980199411,1.0000000000000002,37.27514268270973,0.007142857142857143,161.80394607570295,53.08222504822402
0,0.9609788750003754,1.0000000000000002,37.27514268270973,0.007142857142857143,162.3465854782211,44.37010206709058
0,1.058879538680631,1.0000000000000002,37.27514268270973,0.007142857142857143,134.8213907412793,37.25809646966669
0,1.166753928317173,1.0000000000000002,37.27514268270973,0.007142857142857143,133.16218939684853,31.477621605595484
0,1.2856181270059859,1.0000000000000002,37.27514268270973,0.007142857142857143,112.42416817744495,26.810376411984784
0,1.416591732303193,1.0000000000000002,37.27514268270973,0.007142857142857143,96.42063612023298,23.08010121977582
0,1.5609084018620234,1.0000000000000002,37.27514268270973,0.007142857142857143,83.77812336487732,20.145921263748
0,1.7199274734168681,1.0000000000000002,37.27514268270973,0.007142857142857143,73.7046746327524,17.89702651216864
0,1.8951467685645895,1.0000000000000002,37.27514268270973,0.007142857142857143,65.76098405152445,16.248486898538545
0,2.088216700943584,1.0000000000000002,37.27514268270973,0.007142857142857143,59.327563032924836,15.138044916625443
0,2.3009558216974,1.0000000000000002,37.27514268270973,0.007142857142857143,54.105014033666386,14.523764450343371
0,2.5353679486476777,1.0000000000000002,37.27514268270973,0.007142857142857143,50.34352863605803,14.382447045956845
0,2.793661040518359,1.0000000000000002,37.27514268270973,0.007142857142857143,44.53545118070223,14.708755816738014
0,3.0782679939899573,1.0000000000000002,37.27514268270973,0.007142857142857143,40.65937235453689,15.515013894119438
0,3.3918695594740975,1.0000000000000002,37.27514268270973,0.007142857142857143,40.26994152222225,16.831669813800453
0,3.73741959145502,1.0000000000000002,37.27514268270973,0.007142857142857143,38.79250622581844,16.45264513919475
0,4.11817287123434,1.0000000000000002,37.27514268270973,0.007142857142857143,36.73797252824062,15.267340398182608
0,4.537715764145184,1.0000000000000002,37.27514268270973,0.007142857142857143,36.9181702720568,14.58308004864038
0,5.0,1.0000000000000002,37.27514268270973,0.007142857142857143,34.11496256382548,14.374022829233557
0,0.9609788750003754,1.0000000000000002,50.0,0.007142857142857143,228.26305901267784,58.14934128227524
0,1.058879538680631,1.0000000000000002,50.0,0.007142857142857143,182.70682638720714,48.607154294111055
0,1.166753928317173,1.0000000000000002,50.0,0.007142857142857143,181.3559097167195,40.825098014934795
0,1.2856181270059859,1.0000000000000002,50.0,0.007142857142857143,149.14336785330858,34.50928116467362
0,1.416591732303193,1.0000000000000002,50.0,0.007142857142857143,125.68743406349294,29.42118535792387
0,1.5609084018620234,1.0000000000000002,50.0,0.007142857142857143,122.79727105915919,25.368657398135134
0,1.7199274734168681,1.0000000000000002,50.0,0.007142857142857143,105.12103990090905,22.19865256461832
0,1.8951467685645895,1.0000000000000002,50.0,0.007142857142857143,91.33159861890381,19.79145484081717
0,2.088216700943584,1.0000000000000002,50.0,0.007142857142857143,80.74752910587745,18.0561558093344
0,2.3009558216974,1.0000000000000002,50.0,0.007142857142857143,72.11839879557759,16.92722147306486
0,2.5353679486476777,1.0000000000000002,50.0,0.007142857142857143,65.72790957817688,16.362017347586704
0,2.793661040518359,1.0000000000000002,50.0,0.007142857142857143,56.413795456362664,16.339198359312665
0,3.0782679939899573,1.0000000000000002,50.0,0.007142857142857143,53.46674282211481,16.857902743506894
0,3.3918695594740975,1.0000000000000002,50.0,0.007142857142857143,48.69902286184389,17.937719499526555
0,3.73741959145502,1.0000000000000002,50.0,0.007142857142857143,48.335826138282506,19.61942817422741
0,4.11817287123434,1.0000000000000002,50.0,0.007142857142857143,46.53817753407223,18.268601406406813
0,4.537715764145184,1.0000000000000002,50.0,0.007142857142857143,43.94559190237387,17.055022381352845
0,5.0,1.0000000000000002,50.0,0.007142857142857143,43.32406572011826,16.41
